报表日期,20210331,20201231,20200930,20200630,20200331,20191231,20190930,20190630,20190331,20181231,20180930,20180630,20180331,20171231,20170930,20170630,20170331,20161231,20160930,20160630,20160331,20151231,20150930,20150630,20150331,20141231,20140930,20140630,20140331,20131231,20130930,20130630,20130331,20121231,20120930,20120630,20120331,20111231,20110930,20110630,20110331,20101231,20100930,20100630,20100331,20091231,20090930,20090630,20090331,20081231,20080930,20080630,20080331,20071231,20070930,20070630,20070331,20061231,20060930,20060630,20060331,20051231,20050930,20050630,20050331,20041231,20040930,20040630,20040331,20031231,20030930,20030630,20030331,20021231,20020930,20020630,20020331,20011231,20010630,20001231,20000630,19991231,19990630,19981231,19980630,19971231,19970630,19961231,19960630,19951231,19950630,19941231,19940630,19931231,19921231,19700101
单位,元,元,元,元,元,元,元,元,元,元,元,元,元,元,元,元,元,元,元,元,元,元,元,元,元,元,元,元,元,元,元,元,元,元,元,元,元,元,元,元,元,元,元,元,元,元,元,元,元,元,元,元,元,元,元,元,元,元,元,元,元,元,元,元,元,元,元,元,元,元,元,元,元,元,元,元,元,元,元,元,元,元,元,元,元,元,元,元,元,元,元,元,元,元,元,
流动资产,,,,,,,,,,,,,,,,,,,,,,,,,,,,,,,,,,,,,,,,,,,,,,,,,,,,,,,,,,,,,,,,,,,,,,,,,,,,,,,,,,,,,,,,,,,,,,,,
货币资金,5008346642,4606714043,4489027250,4453438030,3717747503,3963599836,3378436298,3160345727,3720994599,1296106412,941817884.5,991775042.2,1341548051,1222314883,1498429924,1124642373,1143308334,1217904236,1234259934,961914623.7,1068241164,1046072722,1049900241,911012247.9,759290521.6,756496918,1081032524,851388055.2,1118441724,984851927.9,1298571327,1520018468,2292198643,2480804314,2507967989,2317553341,2262317781,2020358378,1511607013,1437365150,1435712758,1081101770,939707813.3,588492442.3,714870188.6,707582537.6,766460476.8,610724342.6,751714230.5,542096174.6,568847146.9,336464018.8,190120270.6,172013325.8,363584083.5,477650339.3,497403175.9,385463519.2,460943572.2,239217811.7,255090519.8,139996358.6,163984110.2,191074369.2,177236562.8,112953303.9,170614851,176002154.3,165271458.2,105436337.7,152943762.3,136614800.1,123665701.5,111416471.2,80664162.96,69070870.55,9101194.36,74396876.31,40467464.96,39730959.12,40863032.27,37669448.67,15758967.38,34646868.45,34626947.72,33607012.4,0,22441812.29,0,2122182.22,0,10074000,0,235413.31,19470739,0
交易性金融资产,0,0,0,0,0,0,0,0,0,0,0,0,0,0,0,0,0,0,0,0,0,0,0,0,0,0,0,0,0,0,0,0,0,0,0,0,0,0,0,0,0,0,0,0,0,0,0,0,0,0,0,0,0,0,0,0,0,0,0,0,0,0,0,0,0,0,0,0,0,0,0,0,0,0,0,0,0,0,0,0,0,0,0,0,0,0,0,0,0,0,0,0,0,0,0,0
衍生金融资产,0,0,0,0,0,0,0,0,0,0,0,0,0,0,0,0,0,0,0,0,0,0,0,0,0,0,0,0,0,0,0,0,0,0,0,0,0,0,0,0,0,0,0,0,0,0,0,0,0,0,0,0,0,0,0,0,0,0,0,0,0,0,0,0,0,0,0,0,0,0,0,0,0,0,0,0,0,0,0,0,0,0,0,0,0,0,0,0,0,0,0,0,0,0,0,0
应收票据及应收账款,2815200.54,1682997.2,2992501.66,3528925.45,6342396.16,6234063.24,2757123810,2638418747,1972175886,3706101399,3361536799,3638353200,3366746872,2199326284,0,2370735136,0,1516550602,0,1590280605,0,0,0,0,0,0,0,0,0,0,0,0,0,0,0,0,0,0,0,0,0,0,0,0,0,0,0,0,0,0,0,0,0,0,0,0,0,0,0,0,0,0,0,0,0,0,0,0,0,0,0,0,0,0,0,0,0,0,0,0,0,0,0,0,0,0,0,0,0,0,0,0,0,0,0,0
应收票据,0,0,0,0,0,0,2739037299,2619058859,1937053307,3695298649,3259056683,3603074304,3265239245,2187506229,2206159961,2340206414,2429972048,1454937261,1343695814,1555183557,1684014993,1227435986,1011328388,1144899783,1181050070,1076409125,673571233,902102695.9,1265928965,1156712378,1439087105,1211599994,1399233305,907653785.5,634090043.9,587933412,1153309445,576029971.1,430432495.5,601957065.7,742711560.5,479040416.6,429446710,497877818,511552426.6,361909152,330645731.5,320686784.6,293403092.7,283544310.3,255568031.5,283010481.4,486096702.6,572891103.7,375987785.9,331810701.1,407088146.1,321315292.9,318706455.9,356800609.1,500656552.8,302337778.2,293713125,217033286.9,231405953.3,275830042.9,154218198.2,108543694.8,119236140.8,157475631.9,83986881.77,43347686.28,94947306.84,79910944.14,72020479.1,47015121,102352175.1,89684984.62,29267345,60171246.58,23440640,36279808,22495000,22684800,17532121.86,19551000,0,0,0,0,0,0,0,0,0,0
应收账款,2815200.54,1682997.2,2992501.66,3528925.45,6342396.16,6234063.24,18086511.09,19359887.98,35122579.13,10802750.65,102480116.1,35278895.13,101507626.6,11820054.61,61805878.36,30528722.2,58656381.25,61613341.32,78282527.53,35097048.03,56231524.74,10915604.4,55987136.65,38471092.39,63001197.86,1444155.61,66977760.36,31779373.07,32029584.1,1012045.72,99317666.23,71734591.27,73221202.81,18879202.8,109655800.1,101035553.8,66878783.93,23145910.95,136335825.7,100250034.5,58009312.27,25738199.99,124107145.6,121413639.9,94619474.44,44962847.6,100387690.4,73211525.94,54425787.61,39138410.76,94599605.77,120416952.5,106916434.2,163990908.3,149947931.7,113880587.5,103854814.9,76742724.48,79370096.09,81316942.67,125839228.6,92896182.97,134920370.2,110133019.4,111349674,98280690.28,123688047.6,110753679.8,123343442.3,113017024.7,136499217.8,136443692.2,137161995.2,123196076.6,144294369.4,156483896,214405931.5,123808175.8,181953700.7,147015250.8,181768509.8,174655788.1,169427208,159494248.5,164375932.5,167532795.5,0,141714314.8,0,195182482.3,0,0,0,161398835,18644324,0
应收款项融资,6839417524,4280178031,2918199769,1439408920,2024695476,2727971880,0,0,0,0,0,0,0,0,0,0,0,0,0,0,0,0,0,0,0,0,0,0,0,0,0,0,0,0,0,0,0,0,0,0,0,0,0,0,0,0,0,0,0,0,0,0,0,0,0,0,0,0,0,0,0,0,0,0,0,0,0,0,0,0,0,0,0,0,0,0,0,0,0,0,0,0,0,0,0,0,0,0,0,0,0,0,0,0,0,0
预付款项,79976981.9,116692392.4,72254209.17,149003334.4,112315906.6,129579151.2,96399847.22,60059608.05,168376567,103738166,180398636.7,119992096.6,224952872.9,188491466.2,88188288.06,19266588.26,26177671.31,46849989.19,16956606.55,19252481.86,32288549.25,37255148.34,29913424.68,36134143.82,53117347.11,61613626.94,81783081.69,77270569.49,39792479.38,82063799.93,123853973.2,124812686.8,68104578.13,101320859.4,77821403.73,89803726.19,91653387.2,133136653.9,102014686.1,91508799.1,81045773.63,222515480,21311263.66,21915538.87,18836351.45,42411718.2,15469894.28,18124686.64,15027934.35,15130394.42,20638740.28,19618186.27,19246540.28,14405556.62,19887688.78,20465567.74,38800129.62,38227518.83,15349727.7,18060120.71,10350627.05,11559928.23,9523030.56,2994433.33,2637384.85,1004982.85,204982.85,2994585.99,1221614.07,537982.85,446851.69,810918.22,446851.69,4962470.49,446851.69,446851.69,563416.74,100500,720171.74,1365009.74,628412.29,628412.29,735814.82,798418.29,628412.29,2286412.29,0,4335455.15,0,12067190.76,0,0,0,2444185.83,12044847,0
其他应收款(合计),168018104.6,140781985.6,29633809.92,29324715.37,37981495.86,34741502.9,59849680.67,45380788.61,48605167.79,35420246.62,27679747.84,30641067.97,38552055.97,41933245.04,0,18467489.86,0,32407323.11,0,19491393.39,0,0,0,0,0,0,0,0,0,0,0,0,0,0,0,0,0,0,0,0,0,0,0,0,0,0,0,0,0,0,0,0,0,0,0,0,0,0,0,0,0,0,0,0,0,0,0,0,0,0,0,0,0,0,0,0,0,0,0,0,0,0,0,0,0,0,0,0,0,0,0,0,0,0,0,0
应收利息,0,0,0,0,0,0,1129727.98,1129727.98,1129727.98,1129727.98,365713,1995054.67,3733827.4,3733827.4,2855809.19,3086809.19,5277772.23,5277772.23,0,0,0,0,0,0,0,0,0,0,0,0,0,0,0,0,0,0,0,0,0,0,0,0,0,0,0,0,0,0,0,0,0,0,0,0,0,0,0,0,0,0,0,0,0,0,0,0,0,0,0,0,0,0,0,0,0,0,0,0,0,0,0,0,0,0,0,0,0,0,0,0,0,0,0,0,0,0
应收股利,0,0,0,0,0,0,0,0,0,0,0,0,0,0,0,0,0,0,0,0,0,0,0,0,0,0,0,0,0,0,0,0,0,0,0,0,0,0,0,0,0,0,0,0,0,0,0,0,0,0,0,0,0,0,0,0,0,0,0,0,0,0,0,0,0,0,0,0,0,0,0,0,0,0,0,0,0,0,39220.42,39220.42,0,0,0,0,0,0,0,0,0,0,0,0,0,0,0,0
其他应收款,0,140781985.6,0,29324715.37,0,34741502.9,0,44251060.63,0,34290518.64,0,28646013.3,34818228.57,38199417.64,18719661.93,15380680.67,30126595.63,27129550.88,19361259.67,19491393.39,22624750.82,17253701.54,23746596.66,14491823.3,25491335.83,10901802.27,15969556,5262681.67,47788307.52,6478633.74,11846929.01,8032109.59,12898438.16,7211519.81,20402444.27,18003508.93,45513833.14,10964167.22,21081080.71,18774319.84,15948374.1,10314000.41,21381791.2,17663339.45,12010550.04,11352507.36,17942283.63,7891247.69,11313598.11,7891247.69,14077043.6,12976317.94,13057444.63,7102796.28,18415421.41,78279594.74,17542562.79,7820289.62,29478106.72,9719815.83,23947502.43,9457410.13,18091395.88,15509203.66,32580754.14,15485160.54,36584388.93,16441867.92,19588186.42,22283686.59,25299223.13,25486989.74,25317538.83,30603682.88,26869248.73,45722851.93,81488703.86,74944432.42,70650777.88,76956028.3,10005852.96,10539876.87,11406985.99,9071066.08,13772018.58,10901075.49,0,29623450.95,0,9761649.93,0,0,0,217101493.5,71635196,0
买入返售金融资产,0,0,0,0,0,0,0,0,0,0,0,0,0,0,0,0,0,0,0,0,0,0,0,0,0,0,0,0,0,0,0,0,0,0,0,0,0,0,0,0,0,0,0,0,0,0,0,0,0,0,0,0,0,0,0,0,0,0,0,0,0,0,0,0,0,0,0,0,0,0,0,0,0,0,0,0,0,0,0,0,0,0,0,0,0,0,0,0,0,0,0,0,0,0,0,0
存货,5866614966,6353550235,5640805186,5719064800,4981085906,5258121139,3991138133,4055789256,3588351658,3156048075,2634183432,2611128477,2338481842,2299397693,1981414472,1986780096,1772716396,1918731720,1862068362,2031533974,1914801810,1917807342,1833758528,1880257145,1821350994,1898168167,1765144790,1790796108,1709605853,1866808821,1504394485,1523694701,1330123533,1422801193,1202729384,1214464914,1126158286,1249734004,1069981237,1013033580,805195032.7,1015851956,796917708.1,842757608.3,735246566,808165703.7,668242034.7,691822714.7,650387682.8,691822714.7,566650486,583803514.5,507948453.9,496526870.9,460842677.8,467280450.9,420976715,409846240.1,357847133.6,375246027.9,324435328.5,368300542.2,315904449.4,346584425.3,315987647.7,315748147.7,294920634,321004477.2,291041745,292405627.2,273568074.5,301571339.2,272416923.4,286119896,278707602.5,304283033.2,291710042.9,329368416.3,324945187.4,359303574.7,374398812.9,369417218.7,368644471.8,362424139.8,356105801.4,339327260.3,0,326825106.9,0,313598388.8,0,211846000,0,285405854.9,179471536,0
划分为持有待售的资产,0,0,0,0,0,0,0,0,0,0,0,0,0,0,0,0,0,0,0,0,0,0,0,0,0,0,0,0,0,0,0,0,0,0,0,0,0,0,0,0,0,0,0,0,0,0,0,0,0,0,0,0,0,0,0,0,0,0,0,0,0,0,0,0,0,0,0,0,0,0,0,0,0,0,0,0,0,0,0,0,0,0,0,0,0,0,0,0,0,0,0,0,0,0,0,0
一年内到期的非流动资产,0,0,0,0,0,0,0,0,0,0,0,0,0,0,0,0,0,0,0,0,0,0,0,0,0,0,0,0,0,0,0,0,0,0,0,0,0,0,0,0,0,0,0,0,0,0,0,0,0,0,0,0,0,0,0,0,0,0,0,0,0,0,0,0,0,0,0,0,0,0,0,10900,111900,111900,111900,111900,111900,111900,0,0,0,0,0,0,0,0,0,0,0,0,0,0,0,0,0,0
待摊费用,0,0,0,0,0,0,0,0,0,0,0,0,0,0,0,0,0,0,0,0,0,0,0,0,0,0,0,0,0,0,0,0,0,0,0,0,0,0,0,0,0,0,0,0,0,0,0,0,0,0,0,0,0,0,0,0,0,0,1299916.42,2502959.64,2860250.36,201742.23,844090.18,1688180.32,2532270.46,0,943618.4,1887236.72,2829605.03,34628.53,859804.02,1681000.01,2542196,240776.9,955039.2,1820078.4,2460117.6,0,1891026.51,0,2122338.62,1365107.25,10231244.73,8870726.16,3182709.57,13262952.02,0,18667006.26,0,24410700.54,0,0,0,0,4174265,0
待处理流动资产损益,0,0,0,0,0,0,0,0,0,0,0,0,0,0,0,0,0,0,0,0,0,0,0,0,0,0,0,0,0,0,0,0,0,0,0,0,0,0,0,0,0,0,0,0,0,0,0,0,0,0,0,0,0,0,0,0,0,0,0,0,0,0,0,0,0,0,0,0,0,0,0,0,0,0,0,0,0,0,0,26710.34,26710.34,26710.34,26710.34,26710.34,0,0,0,0,0,0,0,0,0,0,0,0
其他流动资产,52268229.3,308356521.5,546603317.4,553892512.6,756192377.9,522165369.9,748748102.5,604378512.3,744057039.9,718776044.1,291074178.1,305432130.5,368749703.6,292037133.2,44500000,48901899.01,53516453.58,54474869.42,83483.11,0,1883031.99,7340402.49,0,0,0,1577937.53,1683226.18,1403073.77,0,0,0,0,0,1607493.82,0,0,0,168569.96,0,0,0,0,0,0,0,0,0,0,0,0,0,0,0,0,0,0,0,0,0,0,0,0,0,0,0,0,0,0,0,0,0,0,0,0,0,0,0,0,26710.34,26710.34,0,0,0,0,0,0,0,0,0,0,0,0,0,0,0,0
流动资产合计,18017457649,15807956206,13699516043,12347661238,11636361061,12642412942,11031695872,10564372639,10242560918,9016190343,7436690678,7697322013,7679031397,6243500705,5902073995,5568793582,5519751653,4786918740,4554707987,4622473078,4780085823,4264080907,4004634316,4025266236,3903301467,3806611732,3686162171,3660002557,4213586912,4097927607,4477071485,4459892550,5175779700,4940278369,4552667065,4328794456,4745831516,4013537655,3271452337,3262888949,3138622811,2834561823,2332872432,2090120387,2087135557,1976384466,1899148111,1720418003,1776272326,1579623252,1520381054,1356289471,1323385846,1426930562,1388665589,1489367241,1485665544,1239415585,1262995009,1082864288,1243180009,924749942.6,936980571.4,885016918.1,873730247.2,819302328.2,781174721,737627696.7,722532191.8,691190919.5,673603815.2,645967325.8,656610413.5,636562218.1,604069653.6,624954602.7,702193482,692415285.4,649961605,684608000,625593535.2,623448114.7,601030658.9,597538494.8,589721345.5,585965909.6,590803371.1,543182003.5,559474371,556557047.1,554411848.6,526724000,603759283.3,665981712.9,305384974,0
非流动资产,,,,,,,,,,,,,,,,,,,,,,,,,,,,,,,,,,,,,,,,,,,,,,,,,,,,,,,,,,,,,,,,,,,,,,,,,,,,,,,,,,,,,,,,,,,,,,,,
发放贷款及垫款,0,0,0,0,0,0,0,0,0,0,0,0,0,0,0,0,0,0,0,0,0,0,0,0,0,0,0,0,0,0,0,0,0,0,0,0,0,0,0,0,0,0,0,0,0,0,0,0,0,0,0,0,0,0,0,0,0,0,0,0,0,0,0,0,0,0,0,0,0,0,0,0,0,0,0,0,0,0,0,0,0,0,0,0,0,0,0,0,0,0,0,0,0,0,0,0
可供出售金融资产,0,0,0,0,0,0,0,0,0,8807610.36,8055936.54,7913832.11,8569698.71,9006943.11,9509774.17,9258359.89,9914226.49,9968882.04,9979813.15,9946614.96,10335276.72,11808952.56,10084266,15993757.04,16811566.16,3835937.04,3835937.04,0,0,0,0,0,0,0,0,0,0,0,0,0,0,0,0,0,0,0,0,0,0,0,0,0,0,0,0,0,0,0,0,0,0,0,0,0,0,0,0,0,0,0,0,0,0,0,0,0,0,0,0,0,0,0,0,0,0,0,0,0,0,0,0,0,0,0,0,0
持有至到期投资,0,0,0,0,0,0,0,0,0,0,0,0,0,0,0,0,0,0,0,0,0,0,0,0,0,0,0,0,0,0,0,0,0,0,0,0,0,0,0,0,0,0,0,0,0,0,0,0,0,0,0,0,0,0,0,0,0,0,0,0,0,0,0,0,0,0,0,0,0,0,0,0,0,0,0,0,0,0,111900,111900,111900,111900,111900,0,111900,0,0,0,0,0,0,0,0,0,0,0
长期应收款,0,0,0,0,0,0,0,0,0,0,0,0,0,0,0,0,0,0,0,0,0,0,0,0,0,0,0,0,0,0,0,0,0,0,0,0,0,0,0,0,0,0,0,0,4774083.83,0,0,0,0,0,0,0,0,0,0,0,0,0,0,0,0,0,0,0,0,0,0,0,0,0,0,0,0,0,0,0,0,0,0,0,0,0,0,0,0,0,0,0,0,0,0,0,0,0,0,0
长期股权投资,38950024.03,39427869.84,30000000,20000000,20000000,0,0,0,4283539.2,4283539.2,6474506.48,6601516.77,3423351.94,3404383.71,2834696.9,2834696.9,2652710.46,2652710.46,2644239.54,3028562.87,4000000,4000000,0,0,0,0,0,3835937.04,3835937.04,3835937.04,3835937.04,3835937.04,3835937.04,3835937.04,3835937.04,3835937.04,3835937.04,3835937.04,4304396.49,4304396.49,4304396.49,4774083.83,4774083.83,4774083.83,0,4774083.83,5374083.83,4774083.83,4774083.83,4774083.83,4774083.83,4774083.83,4774083.83,4774083.83,4774083.83,6004083.83,6004083.83,6004083.83,5458443.94,5295356.69,4113545.19,4196520.58,3965897.53,2855612.47,2956066.22,1967203.05,2028537.07,1578537.06,1578537.06,1578537.06,1575163.49,1578537.06,1578537.06,1578537.06,1578537.06,1578537.06,1578537.06,1578537.06,1578537.06,1578537.06,1549792.28,1549792.28,1549792.28,1661692.28,1549792.28,2571692.28,2571692.28,2571692.28,2844349.64,3059849.64,3259849.64,3260000,24417349.64,3578069.64,3436217,0
投资性房地产,16030326.14,16030326.14,16263700.65,16262929.65,13460501.78,13459730.78,13692334.29,13692334.29,13924937.8,13924937.8,0,0,0,0,0,0,0,0,0,0,0,0,0,0,0,0,0,0,0,0,0,0,0,0,0,0,0,0,0,0,0,0,0,0,0,0,0,0,0,0,0,0,0,0,0,0,0,0,0,0,0,0,0,0,0,0,0,0,0,0,0,0,0,0,0,0,0,0,0,0,0,0,0,0,0,0,0,0,0,0,0,0,0,0,0,0
在建工程(合计),631556601.1,527105766.2,599783928.3,567743767.6,474002973.6,510641550,414250419,370214310.4,321598146.5,305795847.9,434811489.8,424355085.2,410615642.3,419238613.2,0,471303445.4,0,456420163.8,0,511486876.1,0,0,0,0,0,0,0,0,0,0,0,0,0,0,0,0,0,0,0,0,0,0,0,0,0,0,0,0,0,0,0,0,0,0,0,0,0,0,0,0,0,0,0,0,0,0,0,0,0,0,0,0,0,0,0,0,0,0,0,0,0,0,0,0,0,0,0,0,0,0,0,0,0,0,0,0
在建工程,0,527105766.2,0,567743767.6,0,510641550,0,370214310.4,0,305795847.9,434811489.8,424355085.2,410615642.3,419238613.2,480944896.1,471303445.4,477227075,456420163.8,528448903.4,511486876.1,499567608.2,490769187.1,938543924.9,855329592,777271203.1,758156436.9,736760247.3,647409893.5,591337077.8,506577304.1,453536687.2,388082987.8,355428298.7,263824375.1,227462613.3,136415999.6,118166348.5,203921546.3,333420475.3,209519408.4,150001931,118276345.8,62505943.36,18218093.58,12250072.23,8527183.05,72581314.42,64730933.76,60779648.94,53495596.2,144672359.6,125208972.4,108479397.9,98451292.17,110268639.5,85613684.65,79185544.16,74914727.56,64612004,51860818.67,49613786.2,46956801.31,37593860.55,21205607.83,16497338.75,9230162.37,39114097.08,34078804.21,26441904.28,21873521.37,30287384.3,23505375.97,17746068.68,14791738.68,26546284.8,23178881.68,22685021.47,19191038.01,15027918.09,12408833.53,10327424.55,7595279.12,6295362.66,6084080.76,8304391.46,8182017.46,88909565.57,88691193.29,358465719.2,319069706.5,262285212.9,252195000,184935570.9,8521312.49,94916693,0
工程物资,0,0,0,0,0,0,0,0,0,0,0,0,0,0,0,0,0,0,0,0,0,0,0,0,0,0,0,0,0,0,0,0,0,0,0,0,0,0,0,0,0,0,0,0,0,0,0,0,0,0,0,0,0,0,0,0,0,2426860,0,0,0,2153060,0,0,0,0,0,0,0,0,0,0,0,0,0,0,0,0,0,0,0,0,0,0,0,0,0,0,0,0,0,0,0,0,0,0
固定资产及清理(合计),1788475741,1762443649,1598387974,1598650180,1661133890,1620394493,1637279811,1596805121,1553509719,1598571677,1677127400,1706108293,1732881435,1650672715,0,1681022167,0,1709408905,0,1483269833,0,0,0,0,0,0,0,0,0,0,0,0,0,0,0,0,0,0,0,0,0,0,0,0,0,0,0,0,0,0,0,0,0,0,0,0,0,0,0,0,0,0,0,0,0,0,0,0,0,0,0,0,0,0,0,0,0,0,0,0,0,0,0,0,0,0,0,0,0,0,0,0,0,0,0,0
固定资产净额,0,1760640112,0,1596382071,0,1618612152,0,1596805121,0,1598571677,1677127400,1706108293,1732881435,1650672715,1658894690,1681022167,1693779758,1709408905,1447571419,1483269833,1508608360,1523558108,745974019.2,755275224.9,769916475.9,769563230.7,767871903.7,780700997.3,785776884.6,786762999.4,689564825.7,676225445.4,647626216.9,655242127.6,592340821.9,591124471,596494103.8,609649869.3,429105954.3,431232421,433074166.2,436196146.5,439428529.8,446303530.1,456005122,464507993,397809495.2,405353411.9,413544343.3,420934906.3,314270588.3,314534681.3,321268105.5,330245410.6,306156904.3,308799940.3,315128328.2,320889117.3,326259287.2,332480778.2,335289003.1,342581352.7,347458423.8,347794404.1,353759448.6,359067157.5,324399538.4,330512707.3,336386413.9,340869062.6,335234787,341227978.1,348687571.6,355540308.4,346477137.9,354859386.4,360978343.9,368115517.1,380322632.4,394016920.7,406282237.5,421005642.4,434375771.9,450212955.2,466897380.1,482788518.8,436526781.7,452285535.9,214167313.4,220887911,219077846.5,222951000,225389012.4,215576384.2,89969999,0
固定资产清理,0,1803537.15,0,2268109.46,0,1782340.68,0,0,0,0,0,0,0,0,0,0,0,0,0,0,0,0,0,0,0,0,0,0,0,0,0,0,0,0,0,0,0,0,0,0,0,0,0,0,0,0,0,0,0,0,0,0,0,0,0,0,0,0,0,0,0,0,0,0,0,0,0,0,0,0,0,0,0,0,0,0,0,0,0,0,0,0,-4500,0,0,0,0,0,0,0,0,0,0,0,0,0
生产性生物资产,0,0,0,0,0,0,0,0,0,0,0,0,0,0,0,0,0,0,0,0,0,0,0,0,0,0,0,0,0,0,0,0,0,0,0,0,0,0,0,0,0,0,0,0,0,0,0,0,0,0,0,0,0,0,0,0,0,0,0,0,0,0,0,0,0,0,0,0,0,0,0,0,0,0,0,0,0,0,0,0,0,0,0,0,0,0,0,0,0,0,0,0,0,0,0,0
公益性生物资产,0,0,0,0,0,0,0,0,0,0,0,0,0,0,0,0,0,0,0,0,0,0,0,0,0,0,0,0,0,0,0,0,0,0,0,0,0,0,0,0,0,0,0,0,0,0,0,0,0,0,0,0,0,0,0,0,0,0,0,0,0,0,0,0,0,0,0,0,0,0,0,0,0,0,0,0,0,0,0,0,0,0,0,0,0,0,0,0,0,0,0,0,0,0,0,0
油气资产,0,0,0,0,0,0,0,0,0,0,0,0,0,0,0,0,0,0,0,0,0,0,0,0,0,0,0,0,0,0,0,0,0,0,0,0,0,0,0,0,0,0,0,0,0,0,0,0,0,0,0,0,0,0,0,0,0,0,0,0,0,0,0,0,0,0,0,0,0,0,0,0,0,0,0,0,0,0,0,0,0,0,0,0,0,0,0,0,0,0,0,0,0,0,0,0
使用权资产,6341010.66,0,0,0,0,0,0,0,0,0,0,0,0,0,0,0,0,0,0,0,0,0,0,0,0,0,0,0,0,0,0,0,0,0,0,0,0,0,0,0,0,0,0,0,0,0,0,0,0,0,0,0,0,0,0,0,0,0,0,0,0,0,0,0,0,0,0,0,0,0,0,0,0,0,0,0,0,0,0,0,0,0,0,0,0,0,0,0,0,0,0,0,0,0,0,0
无形资产,336934350.7,338952461.7,309185353,310335109,311627918.8,313491062.5,237550284.8,238701975.2,221493932.3,223238293.5,224998925.2,226985974.8,229595471.4,230249376.6,232215470.5,230258969.6,230914133.8,231435051.7,232376013.9,226966133.5,227934732.5,229323225.7,230816609.7,232072237.2,233324632.5,234703213,212213812.3,213461554.5,214640706.9,215886819.7,144942330.8,145902624.3,146862917.8,147823211.2,148768913.8,128708323.7,129347433.8,27179206.69,27489261.7,27799316.71,28109371.72,28419426.73,28705281.74,29039536.75,29349163.81,29659646.77,29005326.77,29920977.77,29615760.77,29920977.77,30253361.44,30616411.77,12536628.77,12691845.77,12847062.77,13002279.77,13157496.77,13312713.77,13475154.77,13631454.77,13787754.77,13944054.77,14100354.77,14244015.77,14399232.77,14554449.77,14709666.77,14864883.77,15020100.77,15175317.77,16106784.77,17038251.77,17969718.77,18901185.77,19832652.77,20764119.77,21695586.77,22627053.77,24489987.77,45914421.77,46380105.77,46845789.77,47311473.77,47777157.77,48242841.77,48708525.77,0,49639893.77,0,50571261.77,51036945.77,0,0,52434000.44,0,0
开发支出,0,0,0,0,0,0,0,0,0,0,0,0,0,0,0,0,0,0,0,0,0,0,0,0,0,0,0,0,0,0,0,0,0,0,0,0,0,0,0,0,0,0,0,0,0,0,0,0,0,0,0,0,0,0,0,0,0,0,0,0,0,0,0,0,0,0,0,0,0,0,0,0,0,0,0,0,0,0,0,0,0,0,0,0,0,0,0,0,0,0,0,0,0,0,0,0
商誉,0,0,0,0,0,0,0,0,0,0,0,0,0,0,0,0,0,0,0,0,0,0,0,0,0,0,0,0,0,0,0,0,0,0,0,0,0,0,0,0,0,0,0,0,0,0,0,0,0,0,0,0,0,0,0,0,0,0,0,0,0,0,0,0,0,0,0,0,0,0,0,0,0,0,0,0,0,0,0,0,0,0,0,0,0,0,0,0,0,0,0,0,0,0,0,0
长期待摊费用,706869.68,7298093.75,7643402.69,8028740.28,8263243.31,8575010.99,8901701.93,9213469.61,9540160.55,9851928.23,6760204.83,6802870.41,6887539.62,6888201.57,7051700.15,6982669.4,7028959.97,7090606.46,7101529.47,7144195.05,7232712.03,7275593.94,7248441.61,7283645.56,7330919.21,7368537.1,6418854.69,6454058.64,6489262.59,6524466.54,6559670.49,6594874.44,6630078.39,6665282.34,6712220.94,6747424.89,0,0,0,0,0,0,0,0,0,0,0,0,0,0,0,0,0,0,0,0,0,0,12406,0,0,0,0,0,0,0,0,0,0,0,0,0,0,0,0,0,0,0,0,0,2650000,9000000,11288856.08,15223000,10051464.9,0,0,0,0,0,0,0,0,0,0,0
递延所得税资产,997901863.9,1126833911,927114523.7,775817468.3,619612993.2,833442544.4,734946326.4,641745850.8,514625175.4,565272315.3,414536849,418590298.9,332395509.5,311066654,205428251.5,182500524.2,132266771.1,144035805.5,119947041.6,131396219.3,124351064.8,104841238.6,130261189.1,138705771.3,126787871.2,117060849.1,108093972.3,98907559.28,93348388.22,89821953.43,78183612.27,81531013.75,80283268.34,68453445.67,78488617.35,75569753.65,66051758.74,52771524.98,60038059.99,58872393.11,44434468.9,32725395.29,29356154.53,21653666.38,19402716.62,23892083.16,18047461.61,19718575.46,17368354.27,25756587.25,4008562.6,7882648.54,6628933.53,13390231.77,3761837.48,8754116.76,7561365.96,0,0,0,0,0,0,0,0,0,0,0,0,0,0,0,0,0,0,0,0,0,0,0,0,0,0,0,0,0,0,0,0,0,0,0,0,0,0,0
其他非流动资产,131712485.3,139506354.9,165554169,143753220.1,196936805.3,112549415.9,92390760.69,103176273.6,72917468.47,83027211.04,55097251.19,51022947.47,52242116.24,65757776.67,76831052.59,81151757.83,63169148.12,68695750.77,81853652.71,79765484.16,101028654.1,70969444.67,69798457.3,101022573.6,97886120.46,88801873.68,78271040,61313364.88,73928663.26,109357511.3,26032053,26032053,26032053,26032053,857653,857653,857653,857653,857653,857653,857653,857653,857653,857653,857653,857653,857653,857653,857653,857653,0,0,0,0,0,0,0,0,0,0,0,0,0,12639,0,0,0,0,0,0,0,0,0,0,0,0,0,0,0,0,0,0,0,0,0,333636.89,0,750459.37,0,1558342.71,1801147.76,0,0,0,0,0
非流动资产合计,3960889956,3970578707,3666946119,3453320274,3317067594,3425359184,3148595357,2983384470,2726734663,2812773361,2827862563,2848380819,2776610765,2696284664,2673710532,2665312590,2616952783,2629707875,2429922613,2453003919,2483058408,2442545751,2132726908,2105682802,2029328789,1979490077,1913465767,1812083365,1769356920,1718766991,1402655116,1328204936,1266698770,1171876432,1058466777,943259562.8,914753234.9,898215737.2,855215800.8,732585588.8,660781987.3,621249051.2,565627646.3,520846563.6,522638811.5,532218642.8,523675334.9,524745201.7,526939844.1,535739804.4,497978955.7,483016797.8,453687149.5,459552864.1,437808527.9,422174105.3,421036818.9,417547502.5,409817295.9,403268408.3,402804089.2,409831789.4,403118536.7,386112279.2,387612086.3,384818972.7,380251839.3,381034932.4,379426956,379496438.8,383204119.6,383350142.9,385981896.1,390811770,394434612.6,400380924.9,406937489.2,411512145.9,421530975.3,434469113.1,467301460.1,486108403.6,501012065.7,521125704.4,535407998.2,542584391.2,577724301.4,593938774.6,626884011.8,595147071.6,537461002.6,530845000,488589776.4,280109766.8,188322909,0
资产总计,21978347605,19778534913,17366462162,15800981512,14953428655,16067772126,14180291229,13547757108,12969295581,11828963704,10264553240,10545702832,10455642162,8939785369,8575784527,8234106173,8136704436,7416626615,6984630600,7075476997,7263144231,6706626658,6137361223,6130949038,5932630255,5786101810,5599627939,5472085922,5982943833,5816694598,5879726602,5788097486,6442478470,6112154801,5611133842,5272054019,5660584751,4911753392,4126668138,3995474538,3799404798,3455810874,2898500078,2610966950,2609774369,2508603109,2422823446,2245163204,2303212170,2115363057,2018360010,1839306269,1777072996,1886483426,1826474117,1911541347,1906702363,1656963088,1672812305,1486132696,1645984099,1334581732,1340099108,1271129197,1261342333,1204121301,1161426560,1118662629,1101959148,1070687358,1056807935,1029317469,1042592310,1027373988,998504266.2,1025335528,1109130971,1103927431,1071492580,1119077113,1092894995,1109556518,1102042725,1118664199,1125129344,1128550301,1168527673,1137120778,1186358383,1151704119,1091872851,1057569000,1092349060,946091479.7,493707883,0
流动负债,,,,,,,,,,,,,,,,,,,,,,,,,,,,,,,,,,,,,,,,,,,,,,,,,,,,,,,,,,,,,,,,,,,,,,,,,,,,,,,,,,,,,,,,,,,,,,,,
短期借款,0,0,0,0,0,0,0,0,0,0,0,0,0,0,0,0,0,0,42000,280000,0,0,3000000,3000000,0,0,0,0,0,0,0,0,0,0,0,0,0,0,0,0,0,0,0,0,0,0,0,0,0,0,0,0,0,0,0,0,0,0,0,0,1000000,1000000,0,0,1000000,1000000,1000000,1000000,1000000,1000000,1000000,4500000,19700000,19700000,19700000,53300000,98200000,98200000,118200000,141000000,107800000,97800000,93000000,93000000,101000000,85000000,0,80000000,0,113200000,0,107100000,0,41500000,33200000,0
交易性金融负债,0,0,0,0,0,0,0,0,0,0,0,0,0,0,0,0,0,0,0,0,0,0,0,0,0,0,0,0,0,0,0,0,0,0,0,0,0,0,0,0,0,0,0,0,0,0,0,0,0,0,0,0,0,0,0,0,0,0,0,0,0,0,0,0,0,0,0,0,0,0,0,0,0,0,0,0,0,0,0,0,0,0,0,0,0,0,0,0,0,0,0,0,0,0,0,0
应付票据及应付账款,2461547745,2311442003,2141040031,2072734023,2101492370,2727297192,2021298669,2118333512,2019493503,1343591142,1378571418,1603141316,1609087839,1348126304,0,1311116296,0,913934211.8,0,892222936.5,0,0,0,0,0,0,0,0,0,0,0,0,0,0,0,0,0,0,0,0,0,0,0,0,0,0,0,0,0,0,0,0,0,0,0,0,0,0,0,0,0,0,0,0,0,0,0,0,0,0,0,0,0,0,0,0,0,0,0,0,0,0,0,0,0,0,0,0,0,0,0,0,0,0,0,0
应付票据,783397854,856514344.3,663842759.9,445631242.9,428017205.2,753766489.8,606401189,526348384.4,0,489597243.4,0,510043665.9,486827152.5,438904882.9,338447536.6,239471584.7,188227944.8,171962673.9,253648846.7,285668393.3,248470905.7,229492791.5,303989000,303506076.6,244056076.6,242903036,233306871,133592939,125630000,179970670.2,135670670.2,111530000,124550000,130150000,124100000,110150000,90200000,141200000,114250000,52800000,96400000,86300000,53650000,37250000,64550000,64800000,23250000,11600000,0,0,0,0,0,0,0,0,0,0,0,0,0,0,0,0,0,0,0,0,0,0,0,0,0,0,0,0,0,0,0,0,0,0,0,0,0,0,0,0,0,0,0,0,0,0,0,0
应付账款,1678149891,1454927659,1477197271,1627102780,1673475165,1973530702,1414897480,1591985128,0,853993898.3,0,1093097650,1122260687,909221420.9,931688996.8,1071644711,922502397,741971537.8,519961687.8,606554543.2,614638125,581381522.4,167082158.6,194977998.5,314914354.1,319857068.8,190557928,300787152.2,244934996.6,322945884.9,181241573.2,184858492.6,173747106.4,194703406,121667556.8,149202742.9,142653985.5,130268324.7,74228796.24,167684938.1,58801062.3,94393388.66,37368690.7,60936386.86,37992089.87,64145796.65,48950302.85,40146894.38,23916411.59,43617334.1,22994011.64,22287227.53,24925838.36,62382522.41,21761352.86,30750612.99,27506757.95,36869473.98,17930007.03,11049532.92,29985774.4,27435079.85,12206116.58,3928550.03,20015830.19,31067294.01,9755467.02,16339551.39,8762415.06,31047755.68,8474174.55,12023924.51,13491234.75,17152819.76,4062627.15,5651245.66,3915836.22,22258890.09,6161621.13,17507302.15,13493863.31,22232132.71,13320428.31,21386263.13,17274807.43,23737905.4,0,18726282.05,0,60825636.18,0,12282000,0,93409483.7,2106705,0
预收款项,0,0,0,0,0,2839722778,1840647605,1480767281,1203077713,1653191383,786819426,820077577.7,719270778.1,912190210.9,504281258.8,371422427.4,385598273.3,537710959.4,278036212.1,295623147.9,385879267.2,388603202.7,288804631.8,302741956.9,110839761.3,388820689,291459032,179859696.7,242912563.9,377509382.3,302802947.6,283997921.5,329246137.3,1213443098,533124550,557189919.7,1072178987,1155808093,605090142.5,427119147.7,416694687.9,803084654.3,240387823.2,198665117.9,154182402.3,235560807.5,141463472.2,83908206.86,144090818.2,96593734.62,57614615.86,51882899,29235828.57,4957588.74,16335939.78,21500306.36,26326058.05,35988536.44,29971000.94,23863153.5,66031715.37,35118689.14,11763313.48,10273796.86,9924330.64,14927545.27,7642692.29,11576927.12,15213853.08,15385531.2,7193416,12234933.3,11500883.85,8942422.45,6116357.17,221242.67,221242.67,3366143.83,5236095.95,7267764.28,221242.67,1717185.11,221242.67,1635308.15,231538.35,254008.42,0,1006878.85,0,762153.31,0,0,0,11399291.56,12732693,0
应付手续费及佣金,0,0,0,0,0,0,0,0,0,0,0,0,0,0,0,0,0,0,0,0,0,0,0,0,0,0,0,0,0,0,0,0,0,0,0,0,0,0,0,0,0,0,0,0,0,0,0,0,0,0,0,0,0,0,0,0,0,0,0,0,0,0,0,0,0,0,0,0,0,0,0,0,0,0,0,0,0,0,0,0,0,0,0,0,0,0,0,0,0,0,0,0,0,0,0,0
应付职工薪酬,748939886.2,1068802948,879258805,699879927.6,650830628.5,825623299.5,600829881.5,595627154.3,490780188.7,443982034.5,618256846.7,564933684.9,584185666.6,486495495.4,478574310.6,440255786.9,384634550.4,377287550.8,417226437.1,495235984.4,468337732.3,373593177.6,386464651.2,424124965.2,370835560.2,339697422.8,346631577.2,298111099,268298488,265850417.4,291269086.1,302440072,274312555.1,225587173.1,296378561.7,239358237.6,208348099.4,152875016.9,174758703.2,170155050.4,109866821.6,59522870.64,91554260.37,83117351.58,56258545.81,65376930.03,43419634.25,46690086.37,35718892.57,64225833.92,26011530.9,21014395.55,6021010.05,45633759.86,69790151.48,69889138.71,69928343.82,53720032.88,44682797.1,42372881.69,40582347.05,48572824.09,34142960.62,33610451.82,36213125.31,30152508.14,28778434.5,27983030.07,29371847.56,28463812.32,26544702.55,29676343.06,28926896.52,30488474.77,30230767.27,29679051.13,29288089.48,31019917.13,30947083.38,60985137.77,51808860.32,53477689.67,38247189.41,45544915.35,31841177.64,38535042.32,0,6725474.39,0,5108527.41,0,5189000,0,0,24420504,0
应交税费,1261114359,1795736203,882243009.6,705105358.3,370114138.6,1169534434,653658314.8,382066649.9,713089662.1,1278210210,554754602.9,509038042.2,745394219,567776458.1,548795954.4,387605817,467834262.2,473994045.5,368510381,318721056.2,404035800.7,361350770.8,256638722.5,302735237.5,315734963.2,295605736.1,316426372.1,363109998.6,551541687.5,560374609.9,618120933.1,568980138,774060908.1,534767813.3,606679197.4,575274691.5,625123984.5,595644733,385793113.3,483489560.5,458112810.8,255041521.7,253911000,193444993.7,238823015.1,191592217.3,215832836,227896236.5,229632612.9,243524625.7,258298671.3,202851905.8,257275947.4,336286476.1,394096330.9,357192543,358443058.6,189541321.4,228561834.7,144171318.2,220802964,108138826,146816822,104341586.7,96267116.58,107883701.6,82849772.42,54538747.17,53811283.01,52656773.19,63767500.3,32500540.15,40433737.51,50375529.19,33256242.77,15319066.49,46207149.4,40079353.73,22859847.51,24316385.17,22870993.86,31682593.53,35473904.74,43620217.05,47390220.38,58767858.17,0,56878486.56,0,48158337.32,0,36477000,0,20758102.06,10249535,0
其他应付款(合计),1856267778,942505641.9,1369821272,1652836126,1304364563,826483971.4,1363222058,1850383239,1072391088,590515680.5,767874339.9,1243940276,678486575.1,269341920.7,0,739867842.9,0,266022015.2,0,504242212.3,0,0,0,0,0,0,0,0,0,0,0,0,0,0,0,0,0,0,0,0,0,0,0,0,0,0,0,0,0,0,0,0,0,0,0,0,0,0,0,0,0,0,0,0,0,0,0,0,0,0,0,0,0,0,0,0,0,0,0,0,0,0,0,0,0,0,0,0,0,0,0,0,0,0,0,0
应付利息,0,0,0,0,0,0,0,0,0,0,0,0,0,0,0,0,0,0,0,0,0,0,0,0,0,0,0,0,0,0,0,0,0,0,0,0,0,0,0,0,0,0,0,0,0,0,0,0,0,0,0,0,0,0,0,0,0,0,0,0,0,0,0,0,0,0,0,0,0,0,0,0,0,0,0,0,0,0,0,0,0,0,0,0,0,0,0,0,0,0,0,0,0,0,0,0
应付股利,0,2436988.96,2436988.96,462649719.4,6857466.46,6857466.46,386892947.7,656083188.5,5973370.96,5973370.96,5973370.96,421945948.6,2436988.96,2436988.96,2436988.96,278653535.3,2549564.96,2549564.96,4435635.36,179508434.1,2436988.96,2436988.96,2436988.96,2436988.96,2436988.96,2436988.96,2520988.96,2520988.96,2436988.96,2436988.96,7394564.96,210471224.2,2487388.96,2487388.96,2487388.96,8885603.51,7798975.35,7798975.36,7858975.36,13038020.33,6733162.86,6733162.86,6733162.86,112553272.9,4492360.25,4502440.25,59431430.05,127655213.5,4498160.25,4519580.25,4633700.25,73965539.88,4773918.6,4824158.6,4961806.6,165599456.7,5423900.6,5550500.6,26888556,29701547.8,3331569.2,3478049.2,8265190.64,40679699.19,2060906.8,2867039.4,2938908.21,8475243.14,1374103.83,1378903.83,2357118.63,6843369.42,12250995.87,1877698,5683777.06,25389238.38,26309447.98,26309447.98,334000,334000,334000,11834000,29834000,29834000,41768730.64,43302413.3,0,63255289.96,0,37669479.88,0,0,0,0,0,0
其他应付款,0,940068652.9,0,1190186407,0,819626504.9,0,1194300050,0,584542309.5,0,821994327.5,676049586.2,266904931.7,563448872,461214307.6,441533024.9,263472450.2,472665935.2,324733778.3,333968072.4,272597089.8,403579830.7,353372097.4,396937481.4,261071921.6,236184051.7,253963826.4,316030470,231431788.5,227139527.3,217705927.6,362744796.7,186407333.7,391804202.1,370853779.6,339405065.3,146843502,174400679.9,174843166.2,122313137.2,91118821.14,111287616,77972683.28,77483153.34,90471090.7,87750443.69,80584634.36,80273399.06,75472033.73,65724282.6,62223178.66,32086368.24,30328632.01,40213583.04,45541623.36,42963177.67,49706128.77,37541832.68,36157421.7,31820131.15,32392484.23,32027134.97,29139750.02,30508935.26,28989576.19,23139108.36,22149211.74,19538031.67,20608698.9,21521887.03,19949056.74,17403808.27,22627359.83,15674109.61,13880775.21,11218332.41,10956998.88,10050587.73,8581974.62,23136039.44,27060197,15593205.75,17310665.55,19319840.02,17323792.56,0,24237963.4,0,35984752.9,0,4322000,0,36116885.39,52708643,0
预提费用,0,0,0,0,0,0,0,0,0,0,0,0,0,0,0,0,0,0,0,0,0,0,0,0,0,0,0,0,0,0,0,0,0,0,0,0,0,0,0,0,0,0,0,0,0,0,0,0,0,0,0,0,0,0,0,0,0,3026,32618398.39,41785556.5,34597826,47872.2,23329429.08,35440518.18,16300922.4,0,20453917.16,27938000,15270000,0,15826079.57,25393302.18,17502929.44,0,3616514.54,10133938.56,27866195.14,15053720,11138655.4,1305000,10828287.13,805000,7379991.01,1227617.52,5517539.7,0,0,0,0,0,0,0,0,0,3751515,0
一年内的递延收益,0,0,0,0,0,0,0,0,0,0,0,0,0,0,0,0,0,0,0,0,0,0,0,0,0,0,0,0,0,0,0,0,0,0,0,0,0,0,0,0,0,0,0,0,0,0,0,0,0,0,0,0,0,0,0,0,0,0,0,0,0,0,0,0,0,0,0,0,0,0,0,0,0,0,0,0,0,0,0,0,0,0,0,0,0,0,0,0,0,0,0,0,0,0,0,0
应付短期债券,0,0,0,0,0,0,0,0,0,0,0,0,0,0,0,0,0,0,0,0,0,0,0,0,0,0,0,0,0,0,0,0,0,0,0,0,0,0,0,0,0,0,0,0,0,0,0,0,0,0,0,0,0,0,0,0,0,0,0,0,0,0,0,0,0,0,0,0,0,0,0,0,0,0,0,0,0,0,0,0,0,0,0,0,0,0,0,0,0,0,0,0,0,0,0,0
一年内到期的非流动负债,0,0,0,0,0,0,0,0,0,0,0,0,0,0,0,0,0,0,0,0,0,0,0,0,0,0,0,0,0,0,0,0,0,0,0,0,0,0,0,0,0,0,0,0,0,0,0,0,0,0,0,0,0,0,0,0,0,0,0,0,0,0,0,0,0,0,0,0,0,0,0,0,0,0,0,0,0,0,0,0,0,4000000,4000000,0,0,0,0,0,0,35850000,0,17850000,0,0,0,0
其他流动负债,380908232.5,403902886.1,0,0,0,0,0,0,0,0,0,0,0,0,0,0,0,0,0,0,0,0,0,0,0,0,0,0,0,0,0,0,0,0,0,0,0,0,0,0,0,0,0,0,0,0,0,0,0,0,0,0,0,0,0,0,0,0,0,0,0,0,0,0,0,0,0,0,0,0,0,0,0,0,0,0,0,0,0,0,0,0,0,0,0,0,0,22944021.58,0,8954991.34,0,0,0,0,0,0
流动负债合计,9638841327,9629334959,7959119742,7274889998,6038021915,8388661675,6479656529,6427177836,5498832155,5309490450,4106276634,4741130897,4336425078,3583930389,3367673918,3250268170,2792880018,2568948783,2314527135,2506325337,2457766892,2209455544,1811995984,1886895321,1755755186,1850392863,1617086821,1531945701,1751785195,1940519742,1763639302,1879983776,2041148892,2487546213,2076241457,2010914975,2485709097,2330438645,1536380410,1489129883,1268921683,1396194419,794892553.1,763939806.2,633781566.6,716449282.5,620098119,618481272,518130294.5,527953142.4,435276812.6,434225146.5,354318911.2,484413137.7,547159164.7,690473681.1,530591296.7,451149396.8,497505959.6,407076684.9,506675346,337594872.8,345414072.6,333533922.8,288201127.7,295090802.4,252962913.2,245620339.7,221064712.9,228708930.6,224122678.7,219206117.3,238262951.7,230282799.4,196741797.2,231335066.7,320867974.8,325356287.9,282455184,340932738.3,309035233.1,331909348.1,318119351,334706999.8,350114308.9,353837306.8,377819190.5,371213229.7,384223796.1,456445934.2,402492845.7,296586000,352243151.3,311872714.5,232207529,0
非流动负债,,,,,,,,,,,,,,,,,,,,,,,,,,,,,,,,,,,,,,,,,,,,,,,,,,,,,,,,,,,,,,,,,,,,,,,,,,,,,,,,,,,,,,,,,,,,,,,,
长期借款,0,0,0,0,0,0,0,0,0,0,0,0,0,0,0,0,0,0,0,0,0,0,0,0,0,0,0,0,0,0,0,0,0,0,0,0,0,0,0,0,0,0,0,0,0,0,0,0,0,0,0,0,0,0,0,0,0,0,0,0,0,0,0,0,0,0,0,0,0,0,0,0,0,0,0,0,0,0,0,0,0,0,0,4000000,4000000,4000000,0,4000000,0,4000000,0,34000000,0,4000000,14068185,0
应付债券,0,0,0,0,0,0,0,0,0,0,0,0,0,0,0,0,0,0,0,0,0,0,0,0,0,0,0,0,0,0,0,0,0,0,0,0,0,0,0,0,0,0,0,0,0,0,0,0,0,0,0,0,0,0,0,0,0,0,0,0,0,0,0,0,0,0,0,0,0,0,0,0,0,0,0,0,0,0,0,0,0,0,0,0,0,0,0,0,0,0,0,0,0,0,0,0
租赁负债,0,0,0,0,0,0,0,0,0,0,0,0,0,0,0,0,0,0,0,0,0,0,0,0,0,0,0,0,0,0,0,0,0,0,0,0,0,0,0,0,0,0,0,0,0,0,0,0,0,0,0,0,0,0,0,0,0,0,0,0,0,0,0,0,0,0,0,0,0,0,0,0,0,0,0,0,0,0,0,0,0,0,0,0,0,0,0,0,0,0,0,0,0,0,0,0
长期应付职工薪酬,25602039.21,25602039.21,27129311.3,27129311.3,23446691.3,27129311.3,19368279.94,21019407.94,0,21019407.94,14021934,14021934,14021934,15925254,0,9184202.06,8750080.61,9184202.06,0,0,0,0,0,0,0,0,0,0,0,0,0,0,0,0,0,0,0,0,0,0,0,0,0,0,0,0,0,0,0,0,0,0,0,0,0,0,0,0,0,0,0,0,0,0,0,0,0,0,0,0,0,0,0,0,0,0,0,0,0,0,0,0,0,0,0,0,0,0,0,0,0,0,0,0,0,0
长期应付款(合计),0,0,0,0,0,0,0,0,19368279.94,0,6000000,0,0,0,0,0,0,0,0,0,0,0,0,0,0,0,0,0,0,0,0,0,0,0,0,0,0,0,0,0,0,0,0,0,0,0,0,0,0,0,0,0,0,0,0,0,0,0,0,0,0,0,0,0,0,0,0,0,0,0,0,0,0,0,0,0,0,0,0,0,0,0,0,0,0,0,0,0,0,0,0,0,0,0,0,0
长期应付款,0,0,0,0,0,0,0,0,0,0,6000000,0,0,0,9184202.06,0,0,0,0,0,0,0,0,0,0,0,0,0,0,0,0,0,0,0,0,0,0,0,0,0,0,0,0,0,0,0,0,0,0,0,0,0,0,0,0,0,0,0,0,0,0,0,0,0,0,0,0,0,0,0,0,0,0,0,0,0,0,0,0,0,0,0,0,123083,0,0,0,0,0,0,0,0,0,0,0,0
专项应付款,0,0,0,0,0,0,0,0,0,0,0,0,0,0,0,0,0,0,0,0,0,0,0,0,0,0,0,0,0,0,0,0,0,0,0,0,0,0,0,0,0,0,0,0,0,0,0,0,0,0,0,0,0,0,0,0,0,0,0,0,0,0,0,0,0,0,0,0,0,0,0,0,0,0,0,0,0,0,0,0,0,0,0,0,0,0,0,0,0,0,0,0,0,0,0,0
预计非流动负债,0,0,0,0,0,0,0,0,0,0,0,0,0,0,0,0,0,0,0,0,0,0,0,0,0,0,0,0,0,0,0,0,0,0,0,0,0,0,0,0,0,0,0,0,0,0,0,0,0,0,0,0,0,0,0,0,0,0,0,0,0,0,0,0,0,0,0,0,0,0,0,0,0,0,0,0,0,0,0,0,0,0,0,0,0,0,0,0,0,0,0,0,0,0,0,0
递延所得税负债,30396282.02,30571179.78,15392294.96,15321242.75,15146344.99,15340372.19,4650193.05,4713046.93,5964659.02,4456165.84,979749.87,944223.76,1108190.41,1217501.51,1343209.28,1280355.71,1444322.36,1457986.25,1460719.03,1452419.48,1549584.92,1918003.88,1486832.24,3039455,0,0,0,0,0,0,0,0,0,0,0,0,0,0,0,0,0,0,0,0,0,0,0,0,0,0,0,0,0,0,0,0,0,0,0,0,0,0,0,0,0,0,0,0,0,0,0,0,0,0,0,0,0,0,0,0,0,0,0,0,0,0,0,0,0,0,0,0,0,0,0,0
长期递延收益,28090000,28090000,28090000,12050000,12050000,12050000,12383333.33,12383333.33,0,12383333.33,0,0,0,0,0,0,0,0,0,0,0,0,0,0,0,0,0,0,0,0,0,0,0,0,0,0,0,0,0,0,0,0,0,0,0,0,0,0,0,0,0,0,0,0,0,0,0,0,0,0,0,0,0,0,0,0,0,0,0,0,0,0,0,0,0,0,0,0,0,0,0,0,0,0,0,0,0,0,0,0,0,0,0,0,0,0
其他非流动负债,0,0,0,0,0,0,0,0,12383333.33,0,0,0,0,0,0,0,0,0,0,0,0,0,0,0,0,0,0,0,0,0,0,0,0,0,0,0,0,0,0,0,0,0,0,0,0,0,0,0,0,0,0,0,0,0,0,0,0,0,0,0,0,0,0,0,0,0,0,0,0,0,0,0,0,0,0,0,0,0,0,0,0,0,0,0,0,0,0,0,0,22011,0,0,0,0,0,0
非流动负债合计,84088321.23,84263218.99,70611606.26,54500554.05,50643036.29,54519683.49,36401806.32,38115788.2,37716272.29,37858907.11,21001683.87,14966157.76,15130124.41,17142755.51,10527411.34,10464557.77,10194402.97,10642188.31,1460719.03,1452419.48,1549584.92,1918003.88,1486832.24,3039455,0,0,0,0,0,0,0,0,0,0,0,0,0,0,0,0,0,0,0,0,0,0,0,0,0,0,0,0,0,0,0,0,0,0,0,0,0,0,0,0,0,0,0,0,0,0,0,0,0,0,0,0,0,0,0,0,98092.2,60655.6,60155.4,4123083,4061326.6,4000000,4000000,4000000,4000000,4022011,14000000,34000000,53850000,4000000,14068185,0
负债合计,9722929648,9713598178,8029731348,7329390552,6088664951,8443181358,6516058335,6465293625,5536548427,5347349357,4127278317,4756097055,4351555202,3601073144,3378201330,3260732728,2803074420,2579590971,2315987854,2507777757,2459316477,2211373548,1813482816,1889934776,1755755186,1850392863,1617086821,1531945701,1751785195,1940519742,1763639302,1879983776,2041148892,2487546213,2076241457,2010914975,2485709097,2330438645,1536380410,1489129883,1268921683,1396194419,794892553.1,763939806.2,633781566.6,716449282.5,620098119,618481272,518130294.5,527953142.4,435276812.6,434225146.5,354318911.2,484413137.7,547159164.7,690473681.1,530591296.7,451149396.8,497505959.6,407076684.9,506675346,337594872.8,345414072.6,333533922.8,288201127.7,295090802.4,252962913.2,245620339.7,221064712.9,228708930.6,224122678.7,219206117.3,238262951.7,230282799.4,196741797.2,231335066.7,320867974.8,325356287.9,282455184,340932738.3,309133325.3,331970003.7,318179506.4,338830082.8,354175635.5,357837306.8,381819190.5,375213229.7,388223796.1,460467945.2,416492845.7,330586000,406093151.3,315872714.5,246275714,0
所有者权益,,,,,,,,,,,,,,,,,,,,,,,,,,,,,,,,,,,,,,,,,,,,,,,,,,,,,,,,,,,,,,,,,,,,,,,,,,,,,,,,,,,,,,,,,,,,,,,,
实收资本(或股本),871528266,871528266,871528266,871528266,871528266,871528266,871528266,871528266,865848266,865848266,865848266,865848266,865848266,865848266,865848266,865848266,865848266,865848266,865848266,865848266,865848266,865848266,865848266,865848266,865848266,865848266,865848266,865848266,865848266,865848266,865848266,865848266,865848266,865848266,865848266,865848266,432924133,432924133,432924133,432924133,432924133,432924133,432924133,432924133,432924133,432924133,432924133,432924133,432924133,432924133,432924133,432924133,432924133,432924133,432924133,432924133,432924133,432924133,432924133,432924133,432924133,432924133,432924133,432924133,432924133,432924133,432924133,432924133,432924133,432924133,432924133,432924133,432924133,432924133,432924133,432924133,432924133,432924133,432924133,432924133,432924133,432924133,432924133,432924133,432924133,432924133,432924133,432924133,396112838,376400000,376400000,376400000,376400000,376400000,212394985,0
资本公积,204081023.9,204081023.9,131968976.9,131968976.9,131968976.9,131968976.9,341032831.4,303777098.3,282392039.1,282392039.1,242144634.3,242144634.3,242144634.3,242144634.3,242206934.3,240806934.3,240806934.3,240806934.3,240806934.3,240806934.3,240806934.3,240806934.3,240806934.3,240806934.3,253782563.4,240806934.3,240806934.3,240806934.3,240806934.3,240806934.3,240806934.3,240806934.3,240806934.3,240806934.3,240806934.3,297795125.7,297795125.7,297795125.7,297795125.7,297795125.7,297795125.7,297795125.7,297795125.7,297795125.7,297795125.7,297795125.7,297795125.7,297795125.7,297795125.7,297795125.7,297795125.7,297795125.7,297795125.7,297795125.7,297795125.7,297795125.7,297795125.7,297795125.7,297877125.7,298077125.7,299995125.7,299995125.7,299981247.3,299981247.3,299981247.3,299981247.3,299981247.3,299981247.3,299981247.3,299981247.3,299981247.3,299981247.3,299981247.3,299981247.3,299241978.6,299241978.6,299241978.6,299241978.6,299241978.6,299241978.6,299241978.6,299241978.6,299241978.6,299241978.6,294254570.7,294254570.7,294254570.7,294254570.7,294254570.7,248169218.9,248169218.9,248169000,248169218.9,248169218.9,0,0
减：库存股,100138400,100138400,100138400,100138400,105250400,105250400,105250400,105250400,0,0,0,0,0,0,0,0,0,0,0,0,0,0,0,0,0,0,0,0,0,0,0,0,0,0,0,0,0,0,0,0,0,0,0,0,0,0,0,0,0,0,0,0,0,0,0,0,0,0,0,0,0,0,0,0,0,0,0,0,0,0,0,0,0,0,0,0,0,0,0,0,0,0,0,0,0,0,0,0,0,0,0,0,0,0,0,0
其他综合收益,2194376.4,2719069.68,2743664.68,2530508.03,2865464.62,2587896.36,3168802.93,2325784.73,7112200.87,2586721.33,2939249.63,2832671.31,3324571.26,3652504.56,4029627.85,3841067.14,4332967.09,4373958.75,4382157.08,4357258.44,4648754.76,5754011.64,4460496.72,9118365,0,0,0,0,0,0,0,0,0,0,0,0,0,0,0,0,0,0,0,0,0,0,0,0,0,0,0,0,0,0,0,0,0,0,0,0,0,0,0,0,0,0,0,0,0,0,0,0,0,0,0,0,0,0,0,0,0,0,0,0,0,0,0,0,0,0,0,0,0,0,0,0
专项储备,96640138.71,90403826.16,85400450.03,80315751.49,74918616.18,70058407.16,68389836.75,65500425.78,61368550.36,58322079.72,57961043.44,55115150,51686329.87,49622714.79,49383287.59,47256145.82,44567556.28,42009654.27,40599700.22,38240443.67,35768387.66,33349299.47,32966508.85,31461760.64,29166229.66,26836927.29,24587881.29,22313569.17,19686217.92,16540586.48,14212938.9,13036919.08,11026202.31,7713670.65,5329650.79,3562040.25,0,0,0,0,0,0,0,0,0,0,0,0,0,0,0,0,0,0,0,0,0,0,0,0,0,0,0,0,0,0,0,0,0,0,0,0,0,0,0,0,0,0,0,0,0,0,0,0,0,0,0,0,0,0,0,0,0,0,0,0
盈余公积,419793411,419793411,471792757.4,471792757.4,471792757.4,471792757.4,471792757.4,471792757.4,471792757.4,471792757.4,471792757.4,471792757.4,471792757.4,471792757.4,471792757.4,471792757.4,471792757.4,471792757.4,471792757.4,471792757.4,471792757.4,471792757.4,471792757.4,471792757.4,471792757.4,471792757.4,471792757.4,471792757.4,471792757.4,471792757.4,353184948.7,353184948.7,353184948.7,353184948.7,257453369.7,257453369.7,257453369.7,257453369.7,257453369.7,257453369.7,257453369.7,257453369.7,199322736.9,199322736.9,199322736.9,199322736.9,160267962.9,160267962.9,160267962.9,160267962.9,134566431.4,134566431.4,134566431.4,134566431.4,139640852.4,139640852.4,139640852.4,138929214.3,104140110.8,104140111.8,104140111.7,104140111.8,75612844.37,75612844.37,75612844.37,75612844.37,57300789.6,57993168.58,57993168.58,57993168.58,47852108.85,47852108.85,47852108.85,48717448.15,45823598.36,45823598.36,45823598.36,45476532.8,41899362.5,41515547.07,42483301.94,42343431.29,42859009.2,42680513.73,42060451.55,42060451.55,34305776.97,34305776.97,26660937.22,26660937.22,19658201.2,10020000,381726.1,0,35037184,0
一般风险准备,0,0,0,0,0,0,0,0,0,0,0,0,0,0,0,0,0,0,0,0,0,0,0,0,0,0,0,0,0,0,0,0,0,0,0,0,0,0,0,0,0,0,0,0,0,0,0,0,0,0,0,0,0,0,0,0,0,0,0,0,0,0,0,0,0,0,0,0,0,0,0,0,0,0,0,0,0,0,0,0,0,0,0,0,0,0,0,0,0,0,0,0,0,0,0,0
未分配利润,10470626386,8288572592,7681101967,6824738128,7229018817,6004259884,5602302352,5093269040,5410629217,4533218986,4347410007,4020765143,4313190543,3603118750,3464547789,3260700725,3602944153,3135233566,2981282231,2889037622,3101888398,2807179050,2651842294,2565999014,2501899051,2286576115,2329401416,2290883489,2576209177,2233864811,2578095881,2377768311,2836541211,2084726425,2096523034,1639984260,1995062110,1502529722,1429519381,1380607431,1336529001,938444307.8,1039056592,836059017.5,978974524.6,718546677.5,769312464,633083801.6,731626524.7,575785294.8,555670173.5,418233675.3,453597375.6,425583013.9,307345649.8,255636575.7,389103204.4,248916938.9,252716996.1,177064957.8,220954112.9,109403717.5,135971242.7,91776818.16,120472989.5,70576153.63,85031466.67,56308414.36,34420606.41,5020078.81,43561427.56,26551776.17,21813108.25,2408673.48,20655031.84,15603854.13,9858060.16,513505.39,14565352.48,4056432.12,8707759.66,2676190.75,8437843.39,4587395.79,1314516.77,1073810.36,25224001.32,423067.71,81106240.88,40006017.45,31152585.33,92394000,61304963.39,5649546.28,0,0
归属于母公司股东权益合计,11964725202,9776959789,9144397682,8282735988,8676842498,7446945788,7252964446,6702942972,7099143030,6214160849,5988095958,5658498622,5947987101,5236179627,5097808662,4890245896,5230292634,4760065136,4604712046,4510083282,4720753499,4424730319,4267717257,4185027097,4122488868,3891860999,3932437255,3891645016,4174343352,3828853355,4052148969,3850645379,4307407562,3552280245,3465961255,3064643062,2983234739,2490702350,2417692009,2368780059,2324701629,1926616936,1969098588,1766101013,1909016520,1648588673,1660299686,1524071023,1622613746,1466772516,1420955864,1283519365,1318883066,1290868704,1177705761,1125996687,1259463315,1118565412,1087658366,1012206328,1058013483,946463087.9,944489467.4,900295042.9,928991214.2,879094378.3,875237636.6,847206963.3,855623844.6,826223317,824318916.7,807309265.4,802570597.4,794421681.2,798644741.8,793593564.1,787847770.1,778156149.8,788630826.6,777738090.8,783357173.2,777185733.7,783462964.2,779434021.1,770553672,770312965.6,786708482,761907548.4,798134586.8,691236173.6,675380005.5,726983000,686255908.4,630218765.2,247432169,0
少数股东权益,290692754.5,287976946.6,192333131.4,188854972.3,187921206.5,177644980.3,411268447.9,379520511.5,333604122.9,267453497.4,149178964.9,131107155,156099858.7,102532597.2,99774534.85,83127548.95,103337381,76970508.11,63930699.66,57615958.21,83074255.34,70522791.5,56161150.27,55987164.19,54386202.2,43847946.93,50103862.61,48495205.48,56815285.24,47321500.95,63938330.75,57468331.68,93922015.34,72328343.05,68931130.05,196495982.3,191640915.4,90612397.5,172595718.4,137564595.6,205781486,132999518.9,134508937,80926131.14,66976281.73,143565153.6,142425641.7,102610909.2,162468129.4,120637398.1,162127333.7,121561757.4,103871018.8,111201584,101609191.5,95070978.8,116647751.1,87248278.95,87647979.47,66849682.84,81295269.41,50523771.37,50195568.06,37300231.66,44149991.57,29936120.17,33226010.56,25835326.04,25270590.35,15755110.68,8366339.24,2802086.05,1758760.44,2669507.49,3117727.21,406896.82,415226.29,414993.65,406569.7,406283.94,404496.82,400780.97,400254.03,400095.25,400036.19,400028.4,0,0,0,0,0,0,0,0,0,0
所有者权益(或股东权益)合计,12255417957,10064936735,9336730814,8471590960,8864763704,7624590768,7664232894,7082463484,7432747153,6481614347,6137274923,5789605777,6104086960,5338712225,5197583197,4973373445,5333630015,4837035644,4668642746,4567699240,4803827754,4495253110,4323878407,4241014262,4176875070,3935708946,3982541118,3940140221,4231158638,3876174856,4116087299,3908113710,4401329578,3624608588,3534892385,3261139044,3174875654,2581314747,2590287728,2506344655,2530483115,2059616455,2103607525,1847027144,1975992802,1792153827,1802725327,1626681932,1785081876,1587409914,1583083197,1405081123,1422754084,1402070288,1279314952,1221067666,1376111067,1205813691,1175306345,1079056011,1139308753,996986859.3,994685035.5,937595274.5,973141205.8,909030498.5,908463647.2,873042289.3,880894435,841978427.7,832685256,810111351.4,804329357.9,797091188.6,801762469,794000460.9,788262996.4,778571143.5,789037396.3,778144374.7,783761670,777586514.6,783863218.2,779834116.4,770953708.2,770712994,786708482,761907548.4,798134586.8,691236173.6,675380005.5,726983000,686255908.4,630218765.2,247432169,0
负债和所有者权益(或股东权益)总计,21978347605,19778534913,17366462162,15800981512,14953428655,16067772126,14180291229,13547757108,12969295581,11828963704,10264553240,10545702832,10455642162,8939785369,8575784527,8234106173,8136704436,7416626615,6984630600,7075476997,7263144231,6706626658,6137361223,6130949038,5932630255,5786101810,5599627939,5472085922,5982943833,5816694598,5879726602,5788097486,6442478470,6112154801,5611133842,5272054019,5660584751,4911753392,4126668138,3995474538,3799404798,3455810874,2898500078,2610966950,2609774369,2508603109,2422823446,2245163204,2303212170,2115363057,2018360010,1839306269,1777072996,1886483426,1826474117,1911541347,1906702363,1656963088,1672812305,1486132696,1645984099,1334581732,1340099108,1271129197,1261342333,1204121301,1161426560,1118662629,1101959148,1070687358,1056807935,1029317469,1042592310,1027373988,998504266.2,1025335528,1109130971,1103927431,1071492580,1119077113,1092894995,1109556518,1102042725,1118664199,1125129344,1128550301,1168527673,1137120778,1186358383,1151704119,1091872851,1057569000,1092349060,946091479.7,493707883,0
