报表日期,20210331,20201231,20200930,20200630,20200331,20191231,20190930,20190630,20190331,20181231,20180930,20180630,20180331,20171231,20170930,20170630,20170331,20161231,20160930,20160630,20160331,20151231,20150930,20150630,20150331,20141231,20140930,20140630,20140331,20131231,20130930,20130630,20130331,20121231,20120930,20120630,20120331,20111231,20110930,20110630,20110331,20101231,20100930,20100630,20100331,20091231,20090930,20090630,20090331,20081231,20080930,20080630,20080331,20071231,20070930,20070630,20070331,20061231,20060930,20060630,20060331,20051231,20050930,20050630,20050331,20041231,20040930,20040630,20040331,20031231,20030930,20030630,20030331,20021231,20020630,20011231,20010630,20001231,20000630,19991231,19981231,19700101
单位,元,元,元,元,元,元,元,元,元,元,元,元,元,元,元,元,元,元,元,元,元,元,元,元,元,元,元,元,元,元,元,元,元,元,元,元,元,元,元,元,元,元,元,元,元,元,元,元,元,元,元,元,元,元,元,元,元,元,元,元,元,元,元,元,元,元,元,元,元,元,元,元,元,元,元,元,元,元,元,元,元,
一、经营活动产生的现金流量,,,,,,,,,,,,,,,,,,,,,,,,,,,,,,,,,,,,,,,,,,,,,,,,,,,,,,,,,,,,,,,,,,,,,,,,,,,,,,,,,,
销售商品、提供劳务收到的现金,5159863965,13594921471,10328491977,7395663886,3784002953,13463146531,10431326779,7472072630,5662852729,8694379460,5751881419,3812601073,2151235338,5968803592,4375722453,2685692483,1326726934,4459354327,3335812040,2157440280,1101030411,4031638089,3096780087,2172318565,1168149947,4186494449,3453485422,2534659480,1517090581,5708740540,4426943191,3282959434,1821986802,6965635844,5224682484,3702529064,1872394224,5537705168,3972159247,2758319192,1518206951,3856992824,2713117958,1600735660,985884361.8,2438659686,1865806801,1146842299,732546141.2,2114056156,1631737749,986164928,472870219,1569112941,1467820692,944332577.3,532583932.1,1664541073,1264245492,862078776.2,465523382.7,1112014412,789472224.1,581761750.4,313015475.6,879686699.6,610906181.2,418504077.1,224282750.9,629035040.9,455984356.7,353788348.9,200187775.8,613841527,239902752.4,507501611.9,199432051.6,389389241.3,188827159.2,273866956.6,297218014.5,0
收到的税费返还,7405372.66,24172281.32,19373804.43,19373804.43,0,2141315.94,0,0,0,0,0,0,0,0,0,0,0,0,140903.04,0,0,0,0,0,0,0,0,0,0,0,0,0,0,4536.89,4536.89,4536.89,0,0,0,0,0,0,0,0,0,0,0,0,0,0,30000,0,0,0,0,0,0,0,0,0,0,0,0,0,0,0,0,0,0,0,0,0,0,0,50.5,10770000,0,4220756.83,558.45,1117000,555000,0
收到的其他与经营活动有关的现金,52596458.49,139807486,133238524.9,50398087.91,50276065.92,63317086.87,127259656.8,62652934.21,37926249.45,139665399.4,101155036.3,62022451.54,30413279.46,195791498.4,84171548.78,50917887.08,24165779.6,167888519.1,53059492.93,40085509.2,11536441.22,70880931.88,28642646.92,29745578.21,9048630.52,90738809.73,59732145.85,25574708.39,9236843.77,121128384.6,85351552.66,69661254.67,18602654.22,102133177.3,90914189.08,60285374.32,30901272.82,30442150.41,62522341.64,54360345.17,35410713.48,33694748.74,33730830.53,23847752.12,14676808.73,40302617.69,30791970.99,20759538.33,9750565.39,56565263.2,56777657.02,34752584.58,8001218.68,21202425.53,10067697.84,2192848.58,2809068.31,15730569.55,9636486.03,6454417.63,1880181.64,12217564.18,11900362.59,8893702.06,6563175.35,12624203.18,18078320.76,30464490.9,8926165.05,24558991.61,23035675.4,18370710.96,15226599.76,14465686.01,166789666.6,68427.38,32735216.13,12292537.82,3524436.68,38297.61,308206.13,0
经营活动现金流入小计,5219865796,13758901238,10481104307,7465435779,3834279019,13528604934,10558586436,7534725564,5700778979,8834044860,5853036455,3874623525,2181648617,6164595091,4459894001,2736610370,1350892713,4627242846,3389012436,2197525789,1112566852,4102519021,3125422734,2202064143,1177198577,4277233259,3513217568,2560234188,1526327425,5829868924,4512294743,3352620688,1840589456,7067773559,5315601210,3762818975,1903295497,5568147318,4034681589,2812679537,1553617665,3890687573,2746848789,1624583413,1000561171,2478962303,1896598772,1167601837,742296706.6,2170621419,1688545406,1020917513,480871437.7,1590315366,1477888390,946525425.9,535393000.4,1680271643,1273881978,868533193.9,467403564.4,1124231976,801372586.7,590655452.5,319578650.9,892310902.8,628984501.9,448968568,233208916,653594032.5,479020032.1,372159059.9,215414375.5,628307213,406692469.5,518340039.3,232167267.8,405902535.9,192352154.3,275022254.2,298081220.6,0
购买商品、接受劳务支付的现金,1035322889,4148951099,2906753427,2409355570,1185085643,3463374477,3029755276,1901138067,833170987.5,3211461039,1741076194,1166916029,527517832.3,1420190834,832547336.1,542754107.1,306105145.1,1110119403,719034870,515193769.5,265491324.3,1003125466,687955966.1,467213945.9,249362800.7,1062378236,657922802.8,524813996.3,296752611.9,1868863436,1388360443,1081582857,585990711,1653079586,1191268497,836990785.1,396173436.7,1197746012,1017521952,640996174.8,271904851.1,819470789.6,627722602.2,408411479,284272134.8,484766424.4,324581444.5,211864247.6,93752881.92,379162023.2,235162755.4,130505407.7,50357201.47,344998624.2,386825031.8,182986395.7,115106220.5,320226661.8,191374998.2,163862692.4,76409900.98,246262376.4,134562320.4,101399455.6,45639737.54,172302559.1,111942432.4,84214066.87,40512063.1,147043618.4,98475321.44,99023716.97,44643643.1,135759152.2,37125944.91,106571291.5,41740077.08,73214099.93,31159819.04,70926300.49,89061623.76,0
支付给职工以及为职工支付的现金,947442537.6,2197862352,1539974130,1117410418,774290596,1462368306,854896323.9,545135769.5,264779840.6,1235524672,0,392824215.3,202787912.4,974640435.4,535068702.2,372864446.5,219378627.7,765580529.7,547401426,329528658.2,140441275.6,798204548,497781715.3,307851853.1,180533613.4,710212002.7,437015285.8,359382575,214761820.7,715805902.5,463210178.3,304609389.1,140445397.1,632552808.1,353194049.9,253368875.9,143217128.8,433239843.4,219721607.7,138758373.4,81461923.94,387818004.1,195664597.1,135291743.2,79580414.29,188116677.2,144405648.7,104736421.1,71184936.21,159018900.9,133674753.1,95243739.21,60428631.36,155639227.7,94040359.89,67614480.83,33735693.06,131237931.2,79477195.53,56734949.36,30935732.92,86976166.83,55667526.98,36199061.59,12289740.33,68379747.16,39338857.14,27081597.86,9977428.92,64875273.89,38715025.88,20833874.79,9786180.64,53255608.71,16950296.82,57027576.18,19975430.57,44851382,25587484.54,36496565.66,33531345.38,0
支付的各项税费,2743698663,4733990923,3761660495,2506552064,1631495509,4645670172,3956033760,3112677042,1860743306,2837977138,2731345335,2079532146,1111567116,2460282165,1906586102,1429641647,752136041.2,1701070294,1294769037,1030629687,543680930.6,1387871881,1108730199,810283878.6,509557229.5,1551113285,1273633553,964031595.5,537614797.1,2312662745,1888277501,1496987414,730395426.4,2726612089,2182429478,1615539509,880921107.6,1535063516,1360511327,927379787.7,477790988.3,1132942593,876792154.5,624055249.4,338591425.2,937469002.8,717433197.7,463243927.6,274616690.1,712280211.8,496084617.8,345406449.5,179385341.1,756600663.8,414506085.4,312679095.1,165270245.1,606651329,433675101,360612994.9,182795470,484751587.2,353804344.9,254465553.9,145200667.3,371946654.3,234555676.3,156670640.1,92103157.73,259534101.1,190242457.5,143670756,104829959.4,238337843.6,149620916.7,190912889.2,95036785.9,162482713.3,88883768.89,92577086.99,108343627.2,0
支付的其他与经营活动有关的现金,246990119.5,668276460.8,491793691.4,206934017.4,117187132.7,880640895.3,821439658.7,284396421.2,236661592.6,583161089.8,472724131.8,250024863.9,95521912.2,413029655.5,346052728,220263825.6,129702265.8,464550617.5,249711747.4,206286118.3,114341131.7,485484563.7,396499782.3,334441604.8,169577302.8,537268385.7,480678989.2,362995920.8,248258284.5,1238464545,949858512.5,719763563.7,480085659.2,1016324078,587492940.6,404806952.1,195230211.2,805350879.1,443989041.6,319842546.8,225761503.2,735689125.8,419065906.1,332441484.1,163377635.3,420239174.4,265289960.8,175289567.6,86349062.4,330455852.8,288937505.5,238467902.3,157630307.3,257572790.8,328817356.1,141674363.6,100478848.9,231562592.1,121645491.5,93093826.38,55907993.11,152494700.3,110882180.8,56995405.42,41121614.6,231971358.2,125287145.1,69283149.92,25085465.64,133017326.3,64359371.89,53925281.66,41236867.01,67715254.8,156633813.9,73794918.86,45174456.27,130509845.8,28678006.73,59846967.11,55943496.42,0
经营活动现金流出小计,4973454209,11749080835,8700181743,6240252069,3708058881,10452053850,8662125019,5843347299,3195355726,7868123939,5503655249,3889297254,1937394773,5268143089,3620254869,2565524026,1407322080,4041320845,2810917080,2081638233,1063954662,3674686459,2690967662,1919791282,1109030946,3860971909,2849250631,2211224088,1297387514,6135796628,4689706634,3602943225,1936917194,6028568562,4314384965,3110706122,1615541884,3971400250,3041743928,2026976883,1056919267,3075920513,2119245260,1500199956,865821609.6,2030591279,1451710252,955134163.9,525903570.7,1580916989,1153859632,809623498.6,447801481.2,1514811306,1224188833,704954335.3,414591007.5,1289678514,826172786.2,674304463.1,346049097,970484830.7,654916373.1,449059476.5,244251759.8,844600318.8,511124110.8,337249454.7,167678115.4,604470319.7,391792176.7,317453629.4,200496650.2,495067859.3,360330972.4,428306675.7,201926749.8,411058041,174309079.2,259846920.3,286880092.8,0
经营活动产生的现金流量净额,246411587,2009820404,1780922563,1225183709,126220138.1,3076551084,1896461417,1691378265,2505423252,965920920.9,349381205.9,-14673729.02,244253844.4,896452001.3,839639132.8,171086343.9,-56429366.54,585922001.6,578095355.9,115887556,48612189.95,427832561.6,434455071.8,282272861,68167630.74,416261349.6,663966937.2,349010100.6,228939910.4,-305927704,-177411890.7,-250322536.3,-96327737.87,1039204997,1001216245,652112853,287753612.2,1596747068,992937660.1,785702654.3,496698398,814767060.1,627603529,124383456.8,134739561,448371024.5,444888520.5,212467673.4,216393135.9,589704430.6,534685774.6,211294014,33069956.45,75504059.87,253699556.9,241571090.6,120801992.9,390593128.7,447709192,194228730.8,121354467.3,153747145.4,146456213.6,141595976,75326891.12,47710583.97,117860391.1,111719113.3,65530800.58,49123712.79,87227855.43,54705430.47,14917725.37,133239353.6,46361497.08,90033363.64,30240517.94,-5155505.12,18043075.11,15175333.98,11201127.8,0
二、投资活动产生的现金流量,,,,,,,,,,,,,,,,,,,,,,,,,,,,,,,,,,,,,,,,,,,,,,,,,,,,,,,,,,,,,,,,,,,,,,,,,,,,,,,,,,
收回投资所收到的现金,918563500,5168700000,1277200000,770000000,91000000,1412503373,437900000,334900000,145000000,47371840.93,247000000,237000000,90000000,122836543.5,27000000,9000000,0,10000000,0,0,0,0,0,0,0,0,0,0,0,0,0,0,0,0,0,0,0,0,556385.23,556385.23,556385.23,0,0,0,0,0,0,0,0,0,0,0,0,1230000,0,0,0,0,0,0,0,131869.01,0,0,0,0,0,0,0,0,111900,101000,0,0,0,0,0,0,0,0,910000,0
取得投资收益所收到的现金,11414065.53,50103401.3,29765991.58,25453705.73,4196827.87,92847592.83,12849566.84,10748817.54,2331584.93,23820283.78,3627992.51,2361869.23,184407.59,1460119.53,574009.5,169927.36,0,596373.87,160000,160000,160000,375348.2,360971.2,360971.2,360971.2,11501.6,0,0,0,284313.1,280000,280000,0,4313.1,0,0,0,611625.19,140000,140000,140000,161942.4,161942.4,0,0,169130.9,169130.9,0,0,101478.54,101478.54,0,0,132587.86,2587.86,0,0,131869.01,0,0,0,359684,0,0,0,131437.7,0,0,0,305967.7,305967.7,304530,304530,114220,0,324279.42,0,138420.32,0,187247,301693.39,0
处置固定资产、无形资产和其他长期资产所收回的现金净额,0,417704.22,427941.75,427132.5,809.25,20995812.08,181632.5,103112.5,49000,179556.5,0,0,0,0,0,0,0,0,0,882,0,34804,0,0,0,3089753.9,88000,88000,0,186839,0,0,0,0,0,0,0,1179077.72,22372,0,0,-420328.93,142810,101030,0,0,0,0,0,0,0,0,0,0,0,0,3600,72055.5,97135,79135,0,0,6399,0,0,28918,0,0,0,167563.5,276359.38,3500,3500,0,0,15342.45,0,233726.8,1400,33150.7,15000,0
处置子公司及其他营业单位收到的现金净额,0,0,0,0,0,0,0,0,0,0,0,0,0,0,0,0,0,0,0,0,0,0,0,0,0,0,0,0,0,0,0,0,0,0,0,0,0,0,0,0,0,0,0,0,0,0,0,0,0,0,0,0,0,0,0,0,0,0,0,0,0,0,0,0,0,0,0,0,0,0,0,0,0,0,0,0,0,0,0,0,0,0
收到的其他与投资活动有关的现金,0,0,0,0,0,8067069.27,0,0,0,0,0,0,0,0,0,0,0,0,619576.72,0,0,0,0,0,0,0,0,0,0,0,0,0,0,0,0,0,0,0,0,0,0,0,0,0,0,0,0,0,0,0,0,0,0,0,0,0,0,0,0,0,0,0,0,0,0,0,0,0,0,0,0,0,0,0,0,16431.34,0,0,0,0,0,0
投资活动现金流入小计,929977565.5,5219221106,1307393933,795880838.2,95197637.12,1534413847,450931199.3,345751930,147380584.9,71371681.21,250627992.5,239361869.2,90184407.59,124296663,27574009.5,9169927.36,0,10596373.87,779576.72,160882,160000,410152.2,360971.2,360971.2,360971.2,3101255.5,88000,88000,0,471152.1,280000,280000,0,4313.1,0,0,0,1790702.91,718757.23,696385.23,696385.23,-258386.53,304752.4,101030,0,169130.9,169130.9,0,0,101478.54,101478.54,0,0,1362587.86,2587.86,0,3600,203924.51,97135,79135,0,491553.01,6399,0,0,160355.7,0,0,0,473531.2,694227.08,409030,308030,114220,0,356053.21,0,372147.12,1400,220397.7,1226693.39,0
购建固定资产、无形资产和其他长期资产所支付的现金,27670485.53,195822132.6,84780105.23,60298269.03,8972236.83,161257096.1,62353851.48,30852242.93,13015650.01,75065309.04,53743619.66,41437981.35,32205084.07,66750577.79,41100015.44,18905557.45,7166535.03,106607577.9,85775373.3,50486536.14,26603748.16,176905223.2,142817925.1,116859626.3,64619276.18,300924982.9,236263422.5,159916773.1,87361979.31,482308892,275957570.8,172266153.4,92277933.69,269275143.9,175665846.4,84698878.22,45794210.08,257484908.6,244391365.8,111978450.4,34783795.98,184959935.1,65605013.78,14893348.26,7441829.96,37320249.82,25717756.33,13805485.38,6753660.02,91785211.38,70128983.14,28429061.94,14937972.07,62774639.29,47486833.21,17982865.25,8739336.24,38372663.91,28016030.05,12495084.73,6113826.22,51911243.59,43726562.34,24146568.13,9235099.67,21465307.65,21390474.55,14826091.72,5603050.7,25988404.07,17815460.16,9047236.2,2796565.91,11884278.82,3294361.09,10021387.08,3178553.85,4826099.95,2216422.5,3428283.12,960141.28,0
投资所支付的现金,1130000000,5763200000,1609700000,1508640000,1122000000,1341453373,13500,13500,214900000,357250000,266350000,269350000,183000000,362500000,38500000,20500000,11000000,43000000,0,0,0,4301000,301000,0,0,0,0,0,0,0,0,0,0,0,71030000,0,0,0,0,0,0,0,0,0,0,0,600000,0,0,0,0,0,0,0,0,0,0,1230000,1230000,1230000,0,1950000,2500000,900000,1000000,450000,450000,0,0,0,0,0,0,0,0,0,0,0,0,0,0,0
取得子公司及其他营业单位支付的现金净额,0,0,0,0,0,0,-8067069.27,-8067069.27,0,0,0,0,0,0,0,0,0,0,0,0,0,0,0,0,0,0,0,0,0,0,0,0,0,0,0,0,0,0,0,0,0,0,0,0,0,0,0,0,0,0,0,0,0,0,0,0,0,0,0,0,0,0,0,0,0,0,0,0,0,0,0,0,0,0,0,0,0,0,0,0,0,0
支付的其他与投资活动有关的现金,0,0,0,0,0,3536344.55,0,0,0,0,0,0,0,0,0,0,0,0,0,0,0,0,0,0,0,0,0,0,0,25968,0,0,0,720000,684000,216000,0,0,0,0,0,0,270000,270000,0,0,0,0,0,0,0,18312979,0,0,0,0,0,0,0,0,0,0,0,0,0,0,0,0,0,0,0,0,0,0,0,0,0,0,0,0,0,0
投资活动现金流出小计,1157670486,5959022133,1694480105,1568938269,1130972237,1506246813,54300282.21,22798673.66,227915650,432315309,320093619.7,310787981.4,215205084.1,429250577.8,79600015.44,39405557.45,18166535.03,149607577.9,85775373.3,50486536.14,26603748.16,181206223.2,143118925.1,116859626.3,64619276.18,300924982.9,236263422.5,159916773.1,87361979.31,482334860,275957570.8,172266153.4,92277933.69,269995143.9,247379846.4,84914878.22,45794210.08,257484908.6,244391365.8,111978450.4,34783795.98,184959935.1,65875013.78,15163348.26,7441829.96,37320249.82,26317756.33,13805485.38,6753660.02,91785211.38,70128983.14,46742040.94,14937972.07,62774639.29,47486833.21,17982865.25,8739336.24,39602663.91,29246030.05,13725084.73,6113826.22,53861243.59,46226562.34,25046568.13,10235099.67,21915307.65,21840474.55,14826091.72,5603050.7,25988404.07,17815460.16,9047236.2,2796565.91,11884278.82,3294361.09,10021387.08,3178553.85,4826099.95,2216422.5,3428283.12,960141.28,0
投资活动产生的现金流量净额,-227692920,-739801027.1,-387086171.9,-773057430.8,-1035774600,28167033.51,396630917.1,322953256.4,-80535065.08,-360943627.8,-69465627.15,-71426112.12,-125020676.5,-304953914.8,-52026005.94,-30235630.09,-18166535.03,-139011204,-84995796.58,-50325654.14,-26443748.16,-180796071,-142757953.9,-116498655.1,-64258304.98,-297823727.4,-236175422.5,-159828773.1,-87361979.31,-481863707.9,-275677570.8,-171986153.4,-92277933.69,-269990830.8,-247379846.4,-84914878.22,-45794210.08,-255694205.7,-243672608.6,-111282065.2,-34087410.75,-185218321.7,-65570261.38,-15062318.26,-7441829.96,-37151118.92,-26148625.43,-13805485.38,-6753660.02,-91683732.84,-70027504.6,-46742040.94,-14937972.07,-61412051.43,-47484245.35,-17982865.25,-8735736.24,-39398739.4,-29148895.05,-13645949.73,-6113826.22,-53369690.58,-46220163.34,-25046568.13,-10235099.67,-21754951.95,-21840474.55,-14826091.72,-5603050.7,-25514872.87,-17121233.08,-8638206.2,-2488535.91,-11770058.82,-3294361.09,-9665333.87,-3178553.85,-4453952.83,-2215022.5,-3207885.42,266552.11,0
三、筹资活动产生的现金流量,,,,,,,,,,,,,,,,,,,,,,,,,,,,,,,,,,,,,,,,,,,,,,,,,,,,,,,,,,,,,,,,,,,,,,,,,,,,,,,,,,
吸收投资收到的现金,0,0,0,0,0,109510400,109510400,109510400,0,0,0,0,0,0,0,0,0,0,0,0,0,5470000,0,0,0,1803155.11,490000,0,0,0,0,0,0,5920000,3470000,0,0,0,0,0,0,2000000,0,0,0,0,0,0,0,0,0,0,0,0,0,0,0,0,0,0,0,450000,0,450000,0,0,0,0,0,0,0,0,0,2400000,0,0,0,0,0,0,0,0
其中：子公司吸收少数股东投资收到的现金,0,0,0,0,0,0,0,0,0,0,0,0,0,0,0,0,0,0,0,0,0,0,0,0,0,1803155.11,0,0,0,0,0,0,0,0,0,0,0,0,0,0,0,0,0,0,0,0,0,0,0,0,0,0,0,0,0,0,0,0,0,0,0,0,0,0,0,0,0,0,0,0,0,0,0,0,0,0,0,0,0,0,0,0
取得借款收到的现金,0,0,0,0,0,0,0,0,0,0,0,0,0,0,0,0,0,0,412000,280000,0,203000000,203000000,203000000,200000000,0,0,0,0,0,0,0,0,0,0,0,0,0,0,0,0,0,0,0,0,0,0,0,0,0,0,0,0,0,0,0,0,0,0,0,0,1000000,0,0,0,1000000,1000000,1000000,0,4500000,4500000,4500000,0,66800000,26800000,111500000,34100000,127500000,53800000,142700000,124800000,0
发行债券收到的现金,0,0,0,0,0,0,0,0,0,0,0,0,0,0,0,0,0,0,0,0,0,0,0,0,0,0,0,0,0,0,0,0,0,0,0,0,0,0,0,0,0,0,0,0,0,0,0,0,0,0,0,0,0,0,0,0,0,0,0,0,0,0,0,0,0,0,0,0,0,0,0,0,0,0,0,0,0,0,0,0,0,0
收到其他与筹资活动有关的现金,0,0,0,0,0,10000000,44663793.16,44663793.16,0,0,0,0,0,0,0,0,0,0,0,0,0,1404489.26,0,0,0,0,0,0,0,0,0,0,0,0,0,0,0,0,0,0,0,0,0,0,0,0,0,0,0,0,0,0,0,0,0,0,0,0,0,0,0,0,0,0,0,0,0,0,31025.53,0,216229.51,195550.88,99378.38,0,0,0,199875,197822.53,116206.02,16288.15,2235967.6,0
筹资活动现金流入小计,0,0,0,0,0,119510400,154174193.2,154174193.2,0,0,0,0,0,0,0,0,0,0,412000,280000,0,209874489.3,203000000,203000000,200000000,1803155.11,490000,0,0,0,0,0,0,5920000,3470000,0,0,0,0,0,0,2000000,0,0,0,0,0,0,0,0,0,0,0,0,0,0,0,0,0,0,0,1450000,0,450000,0,1000000,1000000,1000000,31025.53,4500000,4716229.51,4695550.88,99378.38,69200000,26800000,111500000,34299875,127697822.5,53916206.02,142716288.2,127035967.6,0
偿还债务支付的现金,0,0,0,0,0,0,0,0,0,0,0,0,0,0,0,0,0,0,370000,0,0,203000000,200000000,200000000,200000000,0,0,0,0,0,0,0,0,0,0,0,0,0,0,0,0,0,0,0,0,0,0,0,0,0,0,0,0,0,0,0,0,1000000,1000000,1000000,146480,1000000,1000000,1000000,0,1000000,1000000,1000000,0,23200000,23200000,19700000,0,145300000,71626712.5,154300000,56900000,98300000,51800000,127900000,116800000,0
分配股利、利润或偿付利息所支付的现金,0,789852452.7,782111106,326375994.4,0,641230530.9,278520240.8,450000,0,560412577.6,560412577.6,144440000,0,507087438.8,507087438.8,234112576,0,305079283.7,305075803.7,130000000,0,1327044.45,1293794.45,1250744.45,1115722.22,313249783.8,313165783.8,313165783.8,0,730476552.4,730239192.4,534694777.6,0,269696787.4,269696787.4,270003011.8,0,401796254,318759809,318157209,108000000,253706153.6,329907991.8,228411233.8,120010080,245733542.7,194375592.9,130034020,21420,127937848.9,67824448.87,101280,25040,227542201.9,228094747.3,131401405.2,126600,102527228.7,96613083.39,80361328,0,73784400.15,48205244,37878342.6,808532.6,18438665.8,30822512.98,26327204.94,123654.94,10888973.36,10095560.73,5864446.19,279337.5,8349699.98,3566429.25,2902112.58,3725333.25,17726854.13,14346289.53,23698729.09,20050906.86,0
其中：子公司支付给少数股东的股利、利润,0,0,0,0,0,9240000,0,0,0,0,0,0,0,0,0,0,0,0,0,0,0,0,0,0,0,10000000,0,10000000,0,50000000,0,50000000,0,69961837.94,0,69961837.94,0,186400000,0,0,0,0,0,0,0,0,0,0,0,0,0,0,0,0,3200000,0,0,0,20000000,0,0,0,16000000,16000000,0,0,8000000,0,0,0,0,0,0,0,0,0,0,0,0,0,0,0
支付其他与筹资活动有关的现金,0,579549623.9,336297871,336297871,336297871,325337737.4,134117700,134117700,0,215148500,0,0,0,0,0,0,0,0,0,0,0,0,0,0,0,0,0,0,0,0,0,0,0,71030000,0,0,0,0,0,0,0,4323352.08,0,0,0,0,0,0,0,0,0,0,0,0,0,0,0,2200000,97613083.39,0,0,0,0,0,0,0,18890.25,0,0,0,0,0,0,0,0,0,0,0,404385.5,62427.4,612884.6,0
筹资活动现金流出小计,0,1369402077,1118408977,662673865.4,336297871,966568268.3,412637940.8,134567700,0,775561077.6,560412577.6,144440000,0,507087438.8,507087438.8,234112576,0,305079283.7,305445803.7,130000000,0,204327044.5,201293794.5,201250744.5,201115722.2,313249783.8,313165783.8,313165783.8,0,730476552.4,730239192.4,534694777.6,0,340726787.4,269696787.4,270003011.8,0,401796254,318759809,318157209,108000000,258029505.7,329907991.8,228411233.8,120010080,245733542.7,194375592.9,130034020,21420,127937848.9,67824448.87,101280,25040,227542201.9,228094747.3,131401405.2,126600,105727228.7,97613083.39,81361328,146480,74784400.15,49205244,38878342.6,808532.6,19438665.8,31841403.23,27327204.94,123654.94,34088973.36,33295560.73,25564446.19,279337.5,153649700,75193141.75,157202112.6,60625333.25,116026854.1,66550675.03,151661156.5,137463791.5,0
筹资活动产生的现金流量净额,0,-1369402077,-1118408977,-662673865.4,-336297871,-847057868.3,-258463747.6,19606493.16,0,-775561077.6,-560412577.6,-144440000,0,-507087438.8,-507087438.8,-234112576,0,-305079283.7,-305033803.7,-129720000,0,5547444.81,1706205.55,1749255.55,-1115722.22,-311446628.7,-312675783.8,-313165783.8,0,-730476552.4,-730239192.4,-534694777.6,0,-334806787.4,-266226787.4,-270003011.8,0,-401796254,-318759809,-318157209,-108000000,-256029505.7,-329907991.8,-228411233.8,-120010080,-245733542.7,-194375592.9,-130034020,-21420,-127937848.9,-67824448.87,-101280,-25040,-227542201.9,-228094747.3,-131401405.2,-126600,-105727228.7,-97613083.39,-81361328,-146480,-73334400.15,-49205244,-38428342.6,-808532.6,-18438665.8,-30841403.23,-26327204.94,-92629.41,-29588973.36,-28579331.22,-20868895.31,-179959.12,-84449699.98,-48393141.75,-45702112.58,-26325458.25,11670968.4,-12634469.01,-8944868.34,-10427823.86,0
四、汇率变动对现金及现金等价物的影响,0,-1204316.68,0,0,0,89507.06,0,0,0,0,0,0,0,0,0,0,0,0,0,0,0,0,0,0,0,0,0,0,0,0,0,0,0,0,0,0,0,0,0,0,0,0,0,0,0,0,0,0,0,0,0,0,0,0,0,0,0,0,0,0,0,0,0,0,0,0,0,0,0,0,0,0,0,0,0,0,0,0,0,0,0,0
五、现金及现金等价物净增加额,18718667.02,-100587016.5,275427414.5,-210547586.7,-1245852333,2257749756,2034628586,2033938015,2424888187,-170583784.6,-280496998.8,-230539841.1,119233168,84410647.72,280525688.1,-93261862.2,-74595901.57,141831513.8,188065755.6,-64158098.16,22168441.79,252583935.4,293403323.4,167523461.5,2793603.54,-193009006.5,115115730.9,-123984456.3,141577931.1,-1518267964,-1183328654,-957003467.3,-188605671.6,434407378.8,487609610.8,297194963,241959402.1,939256608.2,430505242.5,356263380.1,354610987.2,373519232.7,232125275.8,-119090095.3,7287650.99,165486362.9,224364302.2,68628167.98,209618055.9,370082848.8,396833821.2,164450693,18106944.38,-213450193.4,-21879435.68,92186820.14,111939656.7,245467160.6,320947213.5,99221453.03,115094161.1,27043054.71,51030806.28,78121065.24,64283258.85,7516966.22,65178513.3,70565816.6,59835120.47,-5980133.44,41527291.13,25198328.96,12249230.34,37019594.84,-5326005.76,34665917.19,736505.84,2061510.45,3193583.6,3022580.22,1039856.05,0
加:期初现金及现金等价物余额,4598691475,3467789538,3963599836,3461962311,3461962311,1204212555,1343807712,1126407712,1296106412,1259290197,1222314883,1222314883,1221875521,1137904236,1217904236,1137904236,1217904236,996072721.8,1046072722,996072721.8,1046072722,743488786.4,756496918,743488786.4,756496918,936497792.9,936497792.9,936497792.9,936497792.9,2454765757,2454765757,2454765757,2480804314,2020358378,2020358378,2020358378,2020358378,1081101770,1081101770,1081101770,1081101770,707582537.6,707582537.6,707582537.6,707582537.6,542096174.6,542096174.6,542096174.6,542096174.6,172013325.8,172013325.8,172013325.8,172013325.8,385463519.2,385463519.2,385463519.2,385463519.2,139996358.6,139996358.6,139996358.6,139996358.6,112953303.9,112953303.9,112953303.9,112953303.9,105436337.7,105436337.7,105436337.7,105436337.7,111416471.2,111416471.2,111416471.2,111416471.2,74396876.31,74396876.31,39730959.12,39730959.12,37669448.67,37669448.67,34646868.45,33607012.4,0
六、期末现金及现金等价物余额,4617410142,3367202521,4239027250,3251414725,2216109979,3461962311,3378436298,3160345727,3720994599,1088706412,941817884.5,991775042.2,1341108689,1222314883,1498429924,1044642373,1143308334,1137904236,1234138477,931914623.7,1068241164,996072721.8,1049900241,911012247.9,759290521.6,743488786.4,1051613524,812513336.6,1078075724,936497792.9,1271437103,1497762290,2292198643,2454765757,2507967989,2317553341,2262317781,2020358378,1511607013,1437365150,1435712758,1081101770,939707813.3,588492442.3,714870188.6,707582537.6,766460476.8,610724342.6,751714230.5,542096174.6,568847146.9,336464018.8,190120270.2,172013325.8,363584083.5,477650339.3,497403175.9,385463519.2,460943572.2,239217811.7,255090519.8,139996358.6,163984110.2,191074369.2,177236562.8,112953303.9,170614851,176002154.3,165271458.2,105436337.7,152943762.3,136614800.1,123665701.5,111416471.2,69070870.55,74396876.31,40467464.96,39730959.12,40863032.27,37669448.67,34646868.45,0
附注,,,,,,,,,,,,,,,,,,,,,,,,,,,,,,,,,,,,,,,,,,,,,,,,,,,,,,,,,,,,,,,,,,,,,,,,,,,,,,,,,,
净利润,0,3115861803,0,1616063676,0,2053570997,0,1265526179,0,1559890179,0,1010169910,0,1004159216,0,641840746.8,0,641573677.4,0,376023184,0,541807780.1,0,291562116.9,0,357874642.7,0,371239275.5,0,985417964.8,0,1020860486,0,1387114075,0,962686161.1,0,924560358.9,0,771190266.5,0,601924694.8,0,391335384,0,457913565.5,0,292441671.1,0,314607487.8,0,72278696.04,0,415214511.1,0,234211888.6,0,261326295.2,229898105.2,154246066.9,111218672.8,132293451.2,130333709.1,86139284.48,49896835.9,88973149.11,83934868.74,51288335.55,29400527.6,42191815.07,39976503.73,22966852.34,18228184.42,15837173.68,13115547.03,28707277.42,14413805.81,12726091.11,5238968.53,3597111.91,4133647.61,0
少数股东权益,0,0,0,0,0,0,0,0,0,0,0,0,0,0,0,0,0,0,0,0,0,0,0,0,0,0,0,0,0,0,0,0,0,0,0,0,0,0,0,0,0,0,0,0,0,0,0,0,0,0,0,0,0,0,0,0,0,56928680.3,63706812.19,36325911.47,30775404.05,36137651.2,35809447.89,22798325.24,0,22844478.36,0,18080215.36,9515479.67,13085603.19,0,0,0,-145486.16,0,8709.71,0,5502.97,0,0,66.85,0
未确认的投资损失,0,0,0,0,0,0,0,0,0,0,0,0,0,0,0,0,0,0,0,0,0,0,0,0,0,0,0,0,0,0,0,0,0,0,0,0,0,0,0,0,0,0,0,0,0,0,0,0,0,0,0,0,0,0,0,0,0,0,0,0,0,0,0,0,0,0,0,0,0,0,0,0,0,0,0,0,0,0,0,0,0,0
资产减值准备,0,-3949892.93,0,0,0,0,0,0,0,2210260.88,0,6403771.35,0,-16584115.25,0,-3300799.09,0,25868082.51,0,4731426.56,0,4889341.77,0,5409393.1,0,-962390.57,0,4002342.96,0,7933342.87,0,7715796.97,0,-17872824.13,0,11116265.04,0,4329702.58,0,15989071.63,0,27284801.66,0,230034.77,0,2012515,0,1902327.87,0,22061309.27,0,1555436.59,0,494351.25,0,1651150.92,0,-3685386.65,-2525926.01,-3908261.01,0,-411244,1067134.87,1067134.87,-3170.94,-386838.61,-945297.04,-1043452.04,0,4689418.92,-993265.72,-839512.3,0,1829115.08,853246.79,1038606.06,517630.97,-2531580.54,0,1730076.21,-24115.65,0
固定资产折旧、油气资产折耗、生产性物资折旧,0,139593577,0,59667304.13,0,132275527.4,0,59122149.98,0,140799253.6,0,68430230.09,0,126404344.5,0,62402325.5,0,133576444.3,0,55333628.05,0,69665965.6,0,32541074.98,0,66341938.86,0,32366090.64,0,58616821.77,0,28269291.23,0,47528305.06,0,22029934.25,0,37824851.71,0,19293496.2,0,39111524.41,0,19629326.88,0,37048009.5,0,17760618.34,0,34203267.73,0,15440381.42,0,29462063.07,0,19961231.47,0,30658696.94,22980075.45,9448698.09,7645175.67,29995219.85,22760769.98,14855459.19,7480602.08,28591336,21661479.1,14499658.7,7256267.01,29493696.02,22147246.92,14818964.51,7447181.4,29846996.23,14378224.46,29124153.93,14800849.95,30339365.23,15337724.75,31623581.34,33904899.75,0
无形资产摊销,0,10895866.29,0,4130900.19,0,8588841.51,0,4259192.51,0,8048896.09,0,4003709.23,0,13520722.31,0,3361225.54,0,5849407.17,0,2785468.22,0,5517059.97,0,2638475.77,0,5516216.53,0,2493641.25,0,5184047.58,0,1920586.98,0,4481979.07,0,1312613.25,0,1240220.04,0,620110.02,0,1240220.04,0,628173.02,0,1228931,0,558695,0,770868,0,310434,0,620868,0,310434,0,631341,468900,312600,156300,623395,465651,310434,155217,620868,465651,310434,155217,3725868,2794401,1862934,931467,3725868,1862934,3725868,1862934,9931368,465684,1098186.41,1098186.48,0
长期待摊费用摊销,0,1276917.24,0,546270.71,0,1276917.24,0,638458.62,0,355038.14,0,85331.16,0,202404.89,0,107937.06,0,216730.05,0,131398.89,0,180240.16,0,84891.54,0,155299.44,0,70407.9,0,140815.8,0,70407.9,0,375508.85,0,293366.3,0,0,0,0,0,0,0,0,0,0,0,0,0,0,0,0,0,0,0,0,0,0,0,0,0,0,0,0,0,0,0,0,0,0,0,0,0,0,0,2885681.24,0,0,0,5376837.71,0,0
待摊费用的减少,0,0,0,0,0,0,0,0,0,0,0,0,0,0,0,0,0,0,0,0,0,0,0,0,0,0,0,0,0,0,0,0,0,0,0,0,0,0,0,0,0,0,0,0,0,0,0,0,0,0,0,0,0,0,0,0,0,105442,-1098174.19,-2301217.41,-2658508.13,-201742.23,-844090.18,-1688180.32,-2532270.46,34628.53,881717.07,-1798062.69,-2713158.3,64912.47,-619027.12,-1571458.99,-2407654.99,-240776.9,-1820078.4,0,-1891026.51,1365107.25,0,0,-170186,0
预提费用的增加,0,0,0,0,0,0,0,0,0,0,0,0,0,0,0,0,0,0,0,0,0,0,0,0,0,0,0,0,0,0,0,0,0,0,0,0,0,0,0,0,0,0,0,0,0,0,0,0,0,0,0,0,0,0,0,0,0,-44846.2,-32570526.19,41785556.5,34549953.8,47872.2,23329429.08,35440518.18,16300922.4,0,20453917.16,27938000,15270000,0,15826079.57,25393302.18,17502929.44,-15053720,-4840581.44,13748720,9728655.4,500000,0,-427617.52,0,0
处置固定资产、无形资产和其他长期资产的损失,0,-10.77,0,0,0,-989947.39,0,97727,0,-280295.52,0,0,0,0,0,-1168912.32,0,36582.04,0,18363.17,0,12626.01,0,0,0,10937587.59,0,-505203.7,0,1300018.3,0,0,0,6691618.16,0,5756304.5,0,1286915.63,0,917953.24,0,3103227.02,0,1567704.23,0,55475.14,0,65420.17,0,3338.37,0,27166.93,0,502.29,0,0,0,279201.75,-97135,-79135,0,46038.43,99021.68,0,0,21624.58,-486,-878,-2466.99,2252341.6,69604.91,42430.58,-2029.6,391353.47,-1796.44,1089.89,0,-168939.72,-705.8,-33150.7,1713741.85,0
固定资产报废损失,0,1008498.71,0,210941.29,0,194161.47,0,0,0,475269.99,0,0,0,-156255.04,0,0,0,0,0,0,0,0,0,0,0,0,0,0,0,0,0,0,0,0,0,0,0,0,0,0,0,0,0,0,0,0,0,0,0,5118.3,0,5118.3,0,0,0,0,0,0,0,0,0,0,0,0,0,0,0,0,0,157519.01,0,0,0,0,0,0,0,0,0,0,0,0
公允价值变动损失,0,0,0,0,0,0,0,0,0,0,0,0,0,0,0,0,0,0,0,0,0,0,0,0,0,0,0,0,0,0,0,0,0,0,0,0,0,0,0,0,0,0,0,0,0,0,0,0,0,0,0,0,0,0,0,0,0,0,0,0,0,0,0,0,0,0,0,0,0,0,0,0,0,0,0,0,0,0,0,0,0,0
递延收益增加（减：减少）,0,0,0,0,0,0,0,0,0,0,0,0,0,0,0,0,0,0,0,0,0,0,0,0,0,0,0,0,0,0,0,0,0,0,0,0,0,0,0,0,0,0,0,0,0,0,0,0,0,0,0,0,0,0,0,0,0,0,0,0,0,0,0,0,0,0,0,0,0,0,0,0,0,0,0,0,0,0,0,0,0,0
预计负债,0,0,0,0,0,0,0,0,0,0,0,0,0,0,0,0,0,0,0,0,0,0,0,0,0,0,0,0,0,0,0,0,0,0,0,0,0,0,0,0,0,0,0,0,0,0,0,0,0,0,0,0,0,0,0,0,0,0,0,0,0,0,0,0,0,0,0,0,0,0,0,0,0,0,0,0,0,0,0,0,0,0
财务费用,0,-49047295.45,0,-22974038.92,0,-96581241.09,0,74489528.43,0,-19911721.89,0,1018621.76,0,0,0,0,0,201146.86,0,97330.92,0,1521706.38,0,1348075.46,0,0,0,0,0,0,0,0,0,0,0,0,0,0,0,0,0,0,0,0,0,0,0,0,0,0,0,0,0,0,0,-1570845.39,0,160200,-1014802.15,-470064.89,79069.39,24245,20195,15959,73788.28,45725,-160379.1,-99348.58,-194614,35284.1,-10759.11,-77403.09,170888.37,1948846.93,234940.57,0,3900568.61,6071565.53,3052525.54,6444143.33,8045633.56,0
投资损失,0,114617.38,0,0,0,-224719.45,0,-10748817.54,0,-997940.34,0,-507133.06,0,-895457.16,0,-169927.36,0,879954.14,0,811437.13,0,-375348.2,0,-360971.2,0,-11501.6,0,0,0,-284313.1,0,-280000,0,-4313.1,0,0,0,-611625.19,0,-227179.57,0,-161942.4,0,0,0,-169130.9,0,0,0,-101478.54,0,0,0,-132587.86,0,0,0,-765993.48,68101.64,131163.89,82975.39,-411186.54,-48694.48,11590.58,11136.83,-70103.69,0,0,0,-305967.7,-305967.7,-304530,-304530,-114220,12145.26,-285059,0,-179351.78,-5573.77,-188275.58,-301693.39,0
递延所得税资产减少,0,-292221629.4,0,57625076.07,0,-262017500.4,0,-74904071.59,0,-247146548.4,0,-107523644.9,0,-167030848.5,0,-38464718.77,0,-39194566.86,0,-26554980.69,0,12219610.46,0,-21644922.24,0,-27238895.63,0,-9085605.85,0,-21368507.76,0,-13077568.08,0,-15681920.69,0,-22798228.67,0,-20046129.69,0,-26146997.82,0,-8833312.13,0,2238416.78,0,1864504.09,0,6038011.79,0,-12366355.48,0,5507583.23,0,-5532285.78,0,-896170.77,0,0,0,0,0,0,0,0,0,0,0,0,0,0,0,0,0,0,0,0,0,0,0,0,0,0
递延所得税负债增加,0,15187083.15,0,-19129.44,0,10597264.7,0,256881.09,0,3593925.4,0,0,0,0,0,0,0,0,0,0,0,0,0,0,0,0,0,0,0,0,0,0,0,0,0,0,0,0,0,0,0,0,0,0,0,0,0,0,0,0,0,0,0,0,0,0,0,0,0,0,0,0,0,0,0,0,0,0,0,0,0,0,0,0,0,0,0,0,0,0,0,0
存货的减少,0,-543350274.6,0,-460943660.9,0,-1930548818,0,-795622818.2,0,-709366641.9,0,-311730783.2,0,-350797422.2,0,-68048375.39,0,-20214913.59,0,-113726632.1,0,-22353283.79,0,17911021.64,0,-32530278.17,0,76012713.72,0,-452851206.9,0,-100893507.7,0,-173067189.7,0,35269089.64,0,-233882047.7,0,2818376.13,0,-231281782.9,0,-34591904.67,0,-116342989,0,5690514.72,0,-195295843.8,0,-87276643.56,0,-86680630.81,0,-57434210.79,0,-41545697.91,-17453408.06,-20063526.81,43865213.67,-52552394.53,-156301.69,-30836277.59,-239500.01,-22543473.36,-2515006.85,-31393126.68,1363882.15,-7451767.87,12551821.47,-15451443.25,13702972.57,43248520.33,25085383.14,29935158.37,34358387.25,10863644.02,-4936115.06,7743078.92,-23096879.48,0
经营性应收项目的减少,0,-1858533636,0,1574088342,0,784260807.9,0,816127177.6,0,-1296823179,0,-1422715290,0,-725824773.4,0,-825608694,0,-517165849.2,0,-315748856.9,0,-168807956.3,0,-92567752.79,0,95898147.74,0,229019479.6,0,-288371323.2,0,-379361657.9,0,-371467225,0,-42942354.1,0,-33212723.64,0,-85383048.35,0,-295116588.9,0,-195947586.9,0,-125219332.4,0,-79382082.02,0,390191945.8,0,371885793.7,0,-312428306.8,0,-100330625.3,0,-23761220.52,26653086.88,-49992310.59,-244542611.2,-33872968.75,-79177917.18,4315248.31,15553807.44,-116631656.4,-24638725.18,49756853.61,28389084.21,-34045679.78,-443161.64,42957959.93,-15051566.45,39904305.97,39289248.86,-4042453.1,2915540.1,-63433507.06,5576142.85,-30796497.76,-7056943.21,0
经营性应付项目的增加,0,1392854180,0,-1607913595,0,2321053239,0,346126908.5,0,1525074425,0,737691548.5,0,1013454185,0,400135536,0,354295306.8,0,131985788.7,0,-16445180.55,0,45351457.82,0,-59719417.3,0,-356603041.4,0,-601645364.2,0,-815546372.2,0,171106984.1,0,-320610298.4,0,915257545.2,0,86630606.4,0,677496218.5,0,-60706091.32,0,189979476.6,0,-32607503.59,0,35624773.08,0,-168439952.6,0,34485575.42,0,145668237.9,0,110306416.2,158694082.2,28793249.64,140182821.9,42028808.64,12797858.6,9166480.03,-25584348.8,46210846.47,-6748247.69,-15819515.97,-22909417.77,-4769330.24,-3765620.88,-35092665.44,-25504991.26,12061377.01,-41460665.6,-14814388.88,-49032279.74,-10644770.13,-21345965.89,-10467492.44,-7045230.57,0
已完工尚未结算款的减少(减:增加),0,0,0,0,0,0,0,0,0,0,0,0,0,0,0,0,0,0,0,0,0,0,0,0,0,0,0,0,0,0,0,0,0,0,0,0,0,0,0,0,0,0,0,0,0,0,0,0,0,0,0,0,0,0,0,0,0,0,0,0,0,0,0,0,0,0,0,0,0,0,0,0,0,0,0,0,0,0,0,0,0,0
已结算尚未完工款的增加(减:减少),0,0,0,0,0,0,0,0,0,0,0,0,0,0,0,0,0,0,0,0,0,0,0,0,0,0,0,0,0,0,0,0,0,0,0,0,0,0,0,0,0,0,0,0,0,0,0,0,0,0,0,0,0,0,0,0,0,0,0,0,0,0,0,0,0,0,0,0,0,0,0,0,0,0,0,0,0,0,0,0,0,0
其他,0,80130600,0,0,0,60097950,0,0,0,0,0,0,0,0,0,0,0,0,0,0,0,0,0,0,0,0,0,0,0,0,0,0,0,0,0,0,0,0,0,0,0,0,0,0,0,0,0,0,0,0.01,0,0,0,0,0,0,0,0,0,0,0,0,0,0,14213871.4,0,25470899.87,0,0,0,0,0,204874.47,0,-347051.15,0,-1334547.9,0,14660389.96,-524647.85,0,0
经营活动产生现金流量净额,0,2009820404,0,1225183709,0,3076551084,0,1691378265,0,965920920.9,0,-14673729.02,0,896452001.3,0,171086343.9,0,585922001.6,0,115887556,0,427832561.6,0,282272861,0,416261349.6,0,349010100.6,0,-305927704,0,-250322536.3,0,1039204997,0,652112853,0,1596747068,0,785702654.3,0,814767060.1,0,124383456.8,0,448371024.5,0,212467673.4,0,589704430.6,0,211294014,0,75504059.87,0,241571090.6,0,390593128.7,447709192,194228730.8,121354467.3,153747145.4,146456213.6,141595976,75326891.12,47710583.97,117860391.1,111719113.3,65530800.58,49123712.79,87227855.43,54705430.47,14917725.37,133239353.6,46361497.08,90033363.64,30240517.94,-5155505.12,18043075.11,15175333.98,11201127.8,0
债务转为资本,0,0,0,0,0,0,0,0,0,0,0,0,0,0,0,0,0,0,0,0,0,0,0,0,0,0,0,0,0,0,0,0,0,0,0,0,0,0,0,0,0,0,0,0,0,0,0,0,0,0,0,0,0,0,0,0,0,0,0,0,0,0,0,0,0,0,0,0,0,0,0,0,0,0,0,0,0,0,0,0,0,0
一年内到期的可转换公司债券,0,0,0,0,0,0,0,0,0,0,0,0,0,0,0,0,0,0,0,0,0,0,0,0,0,0,0,0,0,0,0,0,0,0,0,0,0,0,0,0,0,0,0,0,0,0,0,0,0,0,0,0,0,0,0,0,0,0,0,0,0,0,0,0,0,0,0,0,0,0,0,0,0,0,0,0,0,0,0,0,0,0
融资租入固定资产,0,0,0,0,0,0,0,0,0,0,0,0,0,0,0,0,0,0,0,0,0,0,0,0,0,0,0,0,0,0,0,0,0,0,0,0,0,0,0,0,0,0,0,0,0,0,0,0,0,0,0,0,0,0,0,0,0,0,0,0,0,0,0,0,0,0,0,0,0,0,0,0,0,0,0,0,0,0,0,0,0,0
现金的期末余额,0,3367202521,0,3251414725,0,3461962311,0,3160345727,0,1088706412,0,991775042.2,0,1222314883,0,1044642373,0,1137904236,0,931914623.7,0,996072721.8,0,911012247.9,0,743488786.4,0,812513336.6,0,936497792.9,0,1497762290,0,2454765757,0,2317553341,0,2020358378,0,1437365150,1435712758,1081101770,939707813.3,588492442.3,714870188.6,707582537.6,766460476.8,610724342.6,751714230.5,542096174.6,568847146.9,336464018.8,190120270.2,172013325.8,363584083.5,477650339.3,497403175.9,385463519.2,460943572.2,239217811.7,255090519.8,139996358.6,163984110.2,191074369.2,177236562.8,112953303.9,170614851,176002154.3,165271458.2,105436337.7,152943762.3,136614800.1,123665701.5,111416471.2,69070870.55,74396876.31,40467464.96,39730959.12,40863032.27,37669448.67,34646868.45,0
现金的期初余额,0,3467789538,0,3461962311,0,1204212555,0,1126407712,0,1259290197,0,1222314883,0,1137904236,0,1137904236,0,996072721.8,0,996072721.8,0,743488786.4,0,743488786.4,0,936497792.9,0,936497792.9,0,2454765757,0,2454765757,0,2020358378,0,2020358378,0,1081101770,0,1081101770,1081101770,707582537.6,707582537.6,707582537.6,707582537.6,542096174.6,542096174.6,542096174.6,542096174.6,172013325.8,172013325.8,172013325.8,172013325.8,385463519.2,385463519.2,385463519.2,385463519.2,139996358.6,139996358.6,139996358.6,139996358.6,112953303.9,112953303.9,112953303.9,112953303.9,105436337.7,105436337.7,105436337.7,105436337.7,111416471.2,111416471.2,111416471.2,111416471.2,74396876.31,74396876.31,39730959.12,39730959.12,37669448.67,37669448.67,34646868.45,33607012.4,0
现金等价物的期末余额,0,0,0,0,0,0,0,0,0,0,0,0,0,0,0,0,0,0,0,0,0,0,0,0,0,0,0,0,0,0,0,0,0,0,0,0,0,0,0,0,0,0,0,0,0,0,0,0,0,0,0,0,0,0,0,0,0,0,0,0,0,0,0,0,0,0,0,0,0,0,0,0,0,0,0,0,0,0,0,0,0,0
现金等价物的期初余额,0,0,0,0,0,0,0,0,0,0,0,0,0,0,0,0,0,0,0,0,0,0,0,0,0,0,0,0,0,0,0,0,0,0,0,0,0,0,0,0,0,0,0,0,0,0,0,0,0,0,0,0,0,0,0,0,0,0,0,0,0,0,0,0,0,0,0,0,0,0,0,0,0,0,0,0,0,0,0,0,0,0
现金及现金等价物的净增加额,0,-100587016.5,0,-210547586.7,0,2257749756,0,2033938015,0,-170583784.6,0,-230539841.1,0,84410647.72,0,-93261862.2,0,141831513.8,0,-64158098.16,0,252583935.4,0,167523461.5,0,-193009006.5,0,-123984456.3,0,-1518267964,0,-957003467.3,0,434407378.8,0,297194963,0,939256608.2,0,356263380.1,354610987.2,373519232.7,232125275.8,-119090095.3,7287650.99,165486362.9,224364302.2,68628167.98,209618055.9,370082848.8,396833821.2,164450693,18106944.38,-213450193.4,-21879435.68,92186820.14,111939656.7,245467160.6,320947213.5,99221453.03,115094161.1,27043054.71,51030806.28,78121065.24,64283258.85,7516966.22,65178513.3,70565816.6,59835120.47,-5980133.44,41527291.13,25198328.96,12249230.34,37019594.84,-5326005.76,34665917.19,736505.84,2061510.45,3193583.6,3022580.22,1039856.05,0
